Дата;День;Час;Група;Учень;Присутність;Списано з;Сума, грн;Автор відмітки;Примітка
01.09.2026;вт;16:00;Англійська, 1 клас;Марко;присутність;баланс;200;Ірина;
01.09.2026;вт;16:00;Англійська, 1 клас;Ярема;присутність;абонемент (залишилось 7 з 8);;Ірина;
01.09.2026;вт;16:00;Англійська, 1 клас;Мирослава;присутність;абонемент (залишилось 7 з 8);;Ірина;
01.09.2026;вт;16:00;Англійська, 1 клас;Олександра-Анастасія Коваленко-Шевчук;присутність;баланс;200;Ірина;
01.09.2026;вт;16:00;Англійська, 1 клас;Богдан;присутність;абонемент (залишилось 7 з 8);;Ірина;
01.09.2026;вт;16:00;Англійська, 1 клас;Єва;присутність;баланс;200;Ірина;
02.09.2026;ср;17:00;Підготовка до школи;Марко;присутність;баланс;150;Олена Петрівна;
02.09.2026;ср;17:00;Підготовка до школи;Софійка;присутність;баланс;150;Олена Петрівна;
02.09.2026;ср;17:00;Підготовка до школи;Даринка;присутність;абонемент (залишилось 7 з 8);;Олена Петрівна;
02.09.2026;ср;17:00;Підготовка до школи;Тимофій;присутність;баланс;150;Олена Петрівна;
02.09.2026;ср;17:00;Підготовка до школи;Остап;присутність;баланс;150;Олена Петрівна;
02.09.2026;ср;17:00;Підготовка до школи;Злата;присутність;абонемент (залишилось 7 з 8);;Олена Петрівна;
02.09.2026;ср;17:00;Підготовка до школи;Максим;присутність;баланс;150;Олена Петрівна;
02.09.2026;ср;17:00;Підготовка до школи;Устина;присутність;баланс;150;Олена Петрівна;
03.09.2026;чт;16:00;Англійська, 1 клас;Марко;присутність;баланс;200;Ірина;
03.09.2026;чт;16:00;Англійська, 1 клас;Ярема;присутність;абонемент (залишилось 6 з 8);;Ірина;
03.09.2026;чт;16:00;Англійська, 1 клас;Мирослава;присутність;абонемент (залишилось 6 з 8);;Ірина;
03.09.2026;чт;16:00;Англійська, 1 клас;Олександра-Анастасія Коваленко-Шевчук;присутність;баланс;200;Ірина;
03.09.2026;чт;16:00;Англійська, 1 клас;Богдан;присутність;абонемент (залишилось 6 з 8);;Ірина;
03.09.2026;чт;16:00;Англійська, 1 клас;Єва;присутність;баланс;200;Ірина;
05.09.2026;сб;10:00;Логіка;Софійка;присутність;баланс;120;Олена Петрівна;
05.09.2026;сб;10:00;Логіка;Тимофій;присутність;баланс;120;Олена Петрівна;
05.09.2026;сб;10:00;Логіка;Злата;присутність;баланс;120;Олена Петрівна;
05.09.2026;сб;10:00;Логіка;Ярема;присутність;баланс;120;Олена Петрівна;
05.09.2026;сб;10:00;Логіка;Назар;присутність;баланс;120;Олена Петрівна;
05.09.2026;сб;10:00;Логіка;Поліна;присутність;баланс;120;Олена Петрівна;
07.09.2026;пн;17:00;Підготовка до школи;Марко;присутність;баланс;150;Олена Петрівна;
07.09.2026;пн;17:00;Підготовка до школи;Софійка;присутність;баланс;150;Олена Петрівна;
07.09.2026;пн;17:00;Підготовка до школи;Даринка;присутність;абонемент (залишилось 6 з 8);;Олена Петрівна;
07.09.2026;пн;17:00;Підготовка до школи;Тимофій;відсутність;—;;Олена Петрівна;
07.09.2026;пн;17:00;Підготовка до школи;Остап;присутність;баланс;150;Олена Петрівна;
07.09.2026;пн;17:00;Підготовка до школи;Злата;присутність;абонемент (залишилось 6 з 8);;Олена Петрівна;
07.09.2026;пн;17:00;Підготовка до школи;Максим;присутність;баланс;150;Олена Петрівна;
07.09.2026;пн;17:00;Підготовка до школи;Устина;присутність;баланс;150;Олена Петрівна;
08.09.2026;вт;16:00;Англійська, 1 клас;Марко;присутність;баланс;200;Ірина;
08.09.2026;вт;16:00;Англійська, 1 клас;Ярема;присутність;абонемент (залишилось 5 з 8);;Ірина;
08.09.2026;вт;16:00;Англійська, 1 клас;Мирослава;відсутність;—;;Ірина;
08.09.2026;вт;16:00;Англійська, 1 клас;Олександра-Анастасія Коваленко-Шевчук;присутність;баланс;200;Ірина;
08.09.2026;вт;16:00;Англійська, 1 клас;Богдан;присутність;абонемент (залишилось 5 з 8);;Ірина;
08.09.2026;вт;16:00;Англійська, 1 клас;Єва;присутність;баланс;200;Ірина;
09.09.2026;ср;17:00;Підготовка до школи;Марко;присутність;баланс;150;Олена Петрівна;
09.09.2026;ср;17:00;Підготовка до школи;Софійка;присутність;баланс;150;Олена Петрівна;
09.09.2026;ср;17:00;Підготовка до школи;Даринка;присутність;абонемент (залишилось 5 з 8);;Олена Петрівна;
09.09.2026;ср;17:00;Підготовка до школи;Тимофій;присутність;баланс;150;Олена Петрівна;
09.09.2026;ср;17:00;Підготовка до школи;Остап;присутність;баланс;150;Олена Петрівна;
09.09.2026;ср;17:00;Підготовка до школи;Злата;відсутність;—;;Олена Петрівна;
09.09.2026;ср;17:00;Підготовка до школи;Максим;присутність;баланс;150;Олена Петрівна;
09.09.2026;ср;17:00;Підготовка до школи;Устина;присутність;баланс;150;Олена Петрівна;
10.09.2026;чт;16:00;Англійська, 1 клас;Марко;присутність;баланс;200;Ірина;
10.09.2026;чт;16:00;Англійська, 1 клас;Ярема;присутність;абонемент (залишилось 4 з 8);;Ірина;
10.09.2026;чт;16:00;Англійська, 1 клас;Мирослава;присутність;абонемент (залишилось 5 з 8);;Ірина;
10.09.2026;чт;16:00;Англійська, 1 клас;Олександра-Анастасія Коваленко-Шевчук;присутність;баланс;200;Ірина;
10.09.2026;чт;16:00;Англійська, 1 клас;Богдан;присутність;абонемент (залишилось 4 з 8);;Ірина;
10.09.2026;чт;16:00;Англійська, 1 клас;Єва;присутність;баланс;200;Ірина;
12.09.2026;сб;10:00;Логіка;Софійка;присутність;баланс;120;Олена Петрівна;
12.09.2026;сб;10:00;Логіка;Тимофій;присутність;баланс;120;Олена Петрівна;
12.09.2026;сб;10:00;Логіка;Злата;присутність;баланс;120;Олена Петрівна;
12.09.2026;сб;10:00;Логіка;Ярема;присутність;баланс;120;Олена Петрівна;
12.09.2026;сб;10:00;Логіка;Назар;присутність;баланс;120;Олена Петрівна;
12.09.2026;сб;10:00;Логіка;Поліна;присутність;баланс;120;Олена Петрівна;
14.09.2026;пн;17:00;Підготовка до школи;Марко;присутність;баланс;150;Олена Петрівна;
14.09.2026;пн;17:00;Підготовка до школи;Софійка;присутність;баланс;150;Олена Петрівна;
14.09.2026;пн;17:00;Підготовка до школи;Даринка;присутність;абонемент (залишилось 4 з 8);;Олена Петрівна;
14.09.2026;пн;17:00;Підготовка до школи;Тимофій;присутність;баланс;150;Олена Петрівна;
14.09.2026;пн;17:00;Підготовка до школи;Остап;присутність;баланс;150;Олена Петрівна;
14.09.2026;пн;17:00;Підготовка до школи;Злата;присутність;абонемент (залишилось 5 з 8);;Олена Петрівна;
14.09.2026;пн;17:00;Підготовка до школи;Максим;відсутність;—;;Олена Петрівна;
14.09.2026;пн;17:00;Підготовка до школи;Устина;присутність;баланс;150;Олена Петрівна;
15.09.2026;вт;16:00;Англійська, 1 клас;Марко;присутність;баланс;200;Ірина;
15.09.2026;вт;16:00;Англійська, 1 клас;Ярема;присутність;абонемент (залишилось 3 з 8);;Ірина;
15.09.2026;вт;16:00;Англійська, 1 клас;Мирослава;присутність;абонемент (залишилось 4 з 8);;Ірина;
15.09.2026;вт;16:00;Англійська, 1 клас;Олександра-Анастасія Коваленко-Шевчук;присутність;баланс;200;Ірина;
15.09.2026;вт;16:00;Англійська, 1 клас;Богдан;присутність;абонемент (залишилось 3 з 8);;Ірина;
15.09.2026;вт;16:00;Англійська, 1 клас;Єва;присутність;баланс;200;Ірина;
16.09.2026;ср;17:00;Підготовка до школи;Марко;присутність;баланс;150;Олена Петрівна;
16.09.2026;ср;17:00;Підготовка до школи;Софійка;присутність;баланс;150;Олена Петрівна;
16.09.2026;ср;17:00;Підготовка до школи;Даринка;присутність;абонемент (залишилось 3 з 8);;Олена Петрівна;
16.09.2026;ср;17:00;Підготовка до школи;Тимофій;присутність;абонемент (залишилось 7 з 8);;Олена Петрівна;
16.09.2026;ср;17:00;Підготовка до школи;Остап;присутність;абонемент (залишилось 7 з 8);;Олена Петрівна;
16.09.2026;ср;17:00;Підготовка до школи;Злата;присутність;абонемент (залишилось 4 з 8);;Олена Петрівна;
16.09.2026;ср;17:00;Підготовка до школи;Максим;присутність;баланс;150;Олена Петрівна;
16.09.2026;ср;17:00;Підготовка до школи;Устина;присутність;баланс;150;Олена Петрівна;
17.09.2026;чт;16:00;Англійська, 1 клас;Марко;відсутність;—;;Ірина;
17.09.2026;чт;16:00;Англійська, 1 клас;Ярема;присутність;абонемент (залишилось 2 з 8);;Ірина;
17.09.2026;чт;16:00;Англійська, 1 клас;Мирослава;присутність;абонемент (залишилось 3 з 8);;Ірина;
17.09.2026;чт;16:00;Англійська, 1 клас;Олександра-Анастасія Коваленко-Шевчук;присутність;баланс;200;Ірина;
17.09.2026;чт;16:00;Англійська, 1 клас;Богдан;присутність;абонемент (залишилось 2 з 8);;Ірина;
17.09.2026;чт;16:00;Англійська, 1 клас;Єва;присутність;баланс;200;Ірина;
19.09.2026;сб;10:00;Логіка;Софійка;присутність;баланс;120;Олена Петрівна;
19.09.2026;сб;10:00;Логіка;Тимофій;присутність;баланс;120;Олена Петрівна;
19.09.2026;сб;10:00;Логіка;Злата;присутність;баланс;120;Олена Петрівна;
19.09.2026;сб;10:00;Логіка;Ярема;присутність;баланс;120;Олена Петрівна;
19.09.2026;сб;10:00;Логіка;Назар;відсутність;—;;Олена Петрівна;
19.09.2026;сб;10:00;Логіка;Поліна;присутність;баланс;120;Олена Петрівна;
21.09.2026;пн;17:00;Підготовка до школи;Марко;присутність;баланс;150;Олена Петрівна;
21.09.2026;пн;17:00;Підготовка до школи;Софійка;присутність;баланс;150;Олена Петрівна;
21.09.2026;пн;17:00;Підготовка до школи;Даринка;відсутність;—;;Олена Петрівна;
21.09.2026;пн;17:00;Підготовка до школи;Тимофій;присутність;абонемент (залишилось 6 з 8);;Олена Петрівна;
21.09.2026;пн;17:00;Підготовка до школи;Остап;присутність;абонемент (залишилось 6 з 8);;Олена Петрівна;
21.09.2026;пн;17:00;Підготовка до школи;Злата;присутність;абонемент (залишилось 3 з 8);;Олена Петрівна;
21.09.2026;пн;17:00;Підготовка до школи;Максим;присутність;баланс;150;Олена Петрівна;
21.09.2026;пн;17:00;Підготовка до школи;Устина;присутність;баланс;150;Олена Петрівна;
22.09.2026;вт;16:00;Англійська, 1 клас;Марко;присутність;баланс;200;Ірина;
22.09.2026;вт;16:00;Англійська, 1 клас;Ярема;присутність;абонемент (залишилось 1 з 8);;Ірина;
22.09.2026;вт;16:00;Англійська, 1 клас;Мирослава;присутність;абонемент (залишилось 2 з 8);;Ірина;
22.09.2026;вт;16:00;Англійська, 1 клас;Олександра-Анастасія Коваленко-Шевчук;присутність;баланс;200;Ірина;
22.09.2026;вт;16:00;Англійська, 1 клас;Богдан;присутність;абонемент (залишилось 1 з 8);;Ірина;
22.09.2026;вт;16:00;Англійська, 1 клас;Єва;присутність;баланс;200;Ірина;
23.09.2026;ср;17:00;Підготовка до школи;Марко;присутність;баланс;150;Олена Петрівна;
23.09.2026;ср;17:00;Підготовка до школи;Софійка;присутність;баланс;150;Олена Петрівна;
23.09.2026;ср;17:00;Підготовка до школи;Даринка;присутність;абонемент (залишилось 2 з 8);;Олена Петрівна;
23.09.2026;ср;17:00;Підготовка до школи;Тимофій;присутність;абонемент (залишилось 5 з 8);;Олена Петрівна;
23.09.2026;ср;17:00;Підготовка до школи;Остап;присутність;абонемент (залишилось 5 з 8);;Олена Петрівна;
23.09.2026;ср;17:00;Підготовка до школи;Злата;присутність;абонемент (залишилось 2 з 8);;Олена Петрівна;
23.09.2026;ср;17:00;Підготовка до школи;Максим;присутність;баланс;150;Олена Петрівна;
23.09.2026;ср;17:00;Підготовка до школи;Устина;присутність;баланс;150;Олена Петрівна;
24.09.2026;чт;16:00;Англійська, 1 клас;Марко;присутність;баланс;200;Ірина;
24.09.2026;чт;16:00;Англійська, 1 клас;Ярема;присутність;абонемент (залишилось 0 з 8);;Ірина;
24.09.2026;чт;16:00;Англійська, 1 клас;Мирослава;присутність;абонемент (залишилось 1 з 8);;Ірина;
24.09.2026;чт;16:00;Англійська, 1 клас;Олександра-Анастасія Коваленко-Шевчук;присутність;баланс;200;Ірина;
24.09.2026;чт;16:00;Англійська, 1 клас;Богдан;присутність;абонемент (залишилось 0 з 8);;Ірина;
24.09.2026;чт;16:00;Англійська, 1 клас;Єва;присутність;баланс;200;Ірина;виправлено: спершу позначено відсутність
26.09.2026;сб;10:00;Логіка;Софійка;присутність;баланс;120;Олена Петрівна;
26.09.2026;сб;10:00;Логіка;Тимофій;присутність;баланс;120;Олена Петрівна;
26.09.2026;сб;10:00;Логіка;Злата;присутність;баланс;120;Олена Петрівна;
26.09.2026;сб;10:00;Логіка;Ярема;присутність;баланс;120;Олена Петрівна;
26.09.2026;сб;10:00;Логіка;Назар;присутність;баланс;120;Олена Петрівна;
26.09.2026;сб;10:00;Логіка;Поліна;присутність;баланс;120;Олена Петрівна;
28.09.2026;пн;17:00;Підготовка до школи;Марко;присутність;баланс;150;Олена Петрівна;
28.09.2026;пн;17:00;Підготовка до школи;Софійка;присутність;баланс;150;Олена Петрівна;
28.09.2026;пн;17:00;Підготовка до школи;Даринка;присутність;абонемент (залишилось 1 з 8);;Олена Петрівна;
28.09.2026;пн;17:00;Підготовка до школи;Тимофій;присутність;абонемент (залишилось 4 з 8);;Олена Петрівна;
28.09.2026;пн;17:00;Підготовка до школи;Остап;присутність;абонемент (залишилось 4 з 8);;Олена Петрівна;
28.09.2026;пн;17:00;Підготовка до школи;Злата;присутність;абонемент (залишилось 1 з 8);;Олена Петрівна;
28.09.2026;пн;17:00;Підготовка до школи;Максим;присутність;баланс;150;Олена Петрівна;
28.09.2026;пн;17:00;Підготовка до школи;Устина;присутність;баланс;150;Олена Петрівна;
29.09.2026;вт;16:00;Англійська, 1 клас;Марко;присутність;баланс;200;Ірина;
29.09.2026;вт;16:00;Англійська, 1 клас;Ярема;присутність;баланс;200;Ірина;
29.09.2026;вт;16:00;Англійська, 1 клас;Мирослава;присутність;абонемент (залишилось 0 з 8);;Ірина;
29.09.2026;вт;16:00;Англійська, 1 клас;Олександра-Анастасія Коваленко-Шевчук;присутність;баланс;200;Ірина;
29.09.2026;вт;16:00;Англійська, 1 клас;Богдан;присутність;абонемент (залишилось 7 з 8);;Ірина;
29.09.2026;вт;16:00;Англійська, 1 клас;Єва;присутність;баланс;200;Ірина;
30.09.2026;ср;17:00;Підготовка до школи;Марко;присутність;абонемент (залишилось 7 з 8);;Олена Петрівна;
30.09.2026;ср;17:00;Підготовка до школи;Софійка;присутність;баланс;150;Олена Петрівна;
30.09.2026;ср;17:00;Підготовка до школи;Даринка;присутність;абонемент (залишилось 0 з 8);;Олена Петрівна;
30.09.2026;ср;17:00;Підготовка до школи;Тимофій;присутність;абонемент (залишилось 3 з 8);;Олена Петрівна;
30.09.2026;ср;17:00;Підготовка до школи;Остап;присутність;абонемент (залишилось 3 з 8);;Олена Петрівна;
30.09.2026;ср;17:00;Підготовка до школи;Злата;присутність;абонемент (залишилось 0 з 8);;Олена Петрівна;
30.09.2026;ср;17:00;Підготовка до школи;Максим;присутність;баланс;150;Олена Петрівна;
30.09.2026;ср;17:00;Підготовка до школи;Устина;відсутність;—;;Олена Петрівна;
01.10.2026;чт;16:00;Англійська, 1 клас;Марко;присутність;баланс;200;Ірина;
01.10.2026;чт;16:00;Англійська, 1 клас;Ярема;присутність;баланс;200;Ірина;
01.10.2026;чт;16:00;Англійська, 1 клас;Мирослава;присутність;абонемент (залишилось 7 з 8);;Ірина;
01.10.2026;чт;16:00;Англійська, 1 клас;Олександра-Анастасія Коваленко-Шевчук;присутність;баланс;200;Ірина;
01.10.2026;чт;16:00;Англійська, 1 клас;Богдан;відсутність;—;;Ірина;
01.10.2026;чт;16:00;Англійська, 1 клас;Єва;присутність;баланс;200;Ірина;
03.10.2026;сб;10:00;Логіка;Софійка;присутність;баланс;120;Олена Петрівна;
03.10.2026;сб;10:00;Логіка;Тимофій;присутність;баланс;120;Олена Петрівна;
03.10.2026;сб;10:00;Логіка;Злата;присутність;баланс;120;Олена Петрівна;
03.10.2026;сб;10:00;Логіка;Ярема;присутність;баланс;120;Олена Петрівна;
03.10.2026;сб;10:00;Логіка;Назар;присутність;баланс;120;Олена Петрівна;
03.10.2026;сб;10:00;Логіка;Поліна;присутність;баланс;120;Олена Петрівна;
06.10.2026;вт;16:00;Англійська, 1 клас;Марко;присутність;баланс;200;Ірина;
06.10.2026;вт;16:00;Англійська, 1 клас;Ярема;присутність;баланс;200;Ірина;
06.10.2026;вт;16:00;Англійська, 1 клас;Мирослава;присутність;абонемент (залишилось 6 з 8);;Ірина;
06.10.2026;вт;16:00;Англійська, 1 клас;Олександра-Анастасія Коваленко-Шевчук;присутність;баланс;200;Ірина;
06.10.2026;вт;16:00;Англійська, 1 клас;Богдан;присутність;абонемент (залишилось 6 з 8);;Ірина;
06.10.2026;вт;16:00;Англійська, 1 клас;Єва;присутність;баланс;200;Ірина;
06.10.2026;вт;17:00;Підготовка до школи;Марко;присутність;абонемент (залишилось 6 з 8);;Олена Петрівна;
06.10.2026;вт;17:00;Підготовка до школи;Софійка;присутність;баланс;150;Олена Петрівна;
06.10.2026;вт;17:00;Підготовка до школи;Даринка;присутність;баланс;150;Олена Петрівна;
06.10.2026;вт;17:00;Підготовка до школи;Тимофій;присутність;абонемент (залишилось 2 з 8);;Олена Петрівна;
06.10.2026;вт;17:00;Підготовка до школи;Остап;присутність;абонемент (залишилось 2 з 8);;Олена Петрівна;
06.10.2026;вт;17:00;Підготовка до школи;Злата;присутність;баланс;150;Олена Петрівна;
06.10.2026;вт;17:00;Підготовка до школи;Максим;присутність;баланс;150;Олена Петрівна;
06.10.2026;вт;17:00;Підготовка до школи;Устина;присутність;баланс;150;Олена Петрівна;
07.10.2026;ср;17:00;Підготовка до школи;Марко;присутність;абонемент (залишилось 5 з 8);;Олена Петрівна;
07.10.2026;ср;17:00;Підготовка до школи;Софійка;відсутність;—;;Олена Петрівна;
07.10.2026;ср;17:00;Підготовка до школи;Даринка;присутність;баланс;150;Олена Петрівна;
07.10.2026;ср;17:00;Підготовка до школи;Тимофій;присутність;абонемент (залишилось 1 з 8);;Олена Петрівна;
07.10.2026;ср;17:00;Підготовка до школи;Остап;присутність;абонемент (залишилось 1 з 8);;Олена Петрівна;
07.10.2026;ср;17:00;Підготовка до школи;Злата;присутність;баланс;150;Олена Петрівна;
07.10.2026;ср;17:00;Підготовка до школи;Максим;присутність;баланс;150;Олена Петрівна;
07.10.2026;ср;17:00;Підготовка до школи;Устина;присутність;баланс;150;Олена Петрівна;
08.10.2026;чт;16:00;Англійська, 1 клас;Марко;присутність;баланс;200;Ірина;
08.10.2026;чт;16:00;Англійська, 1 клас;Ярема;присутність;баланс;200;Ірина;
08.10.2026;чт;16:00;Англійська, 1 клас;Мирослава;присутність;абонемент (залишилось 5 з 8);;Ірина;
08.10.2026;чт;16:00;Англійська, 1 клас;Олександра-Анастасія Коваленко-Шевчук;присутність;баланс;200;Ірина;
08.10.2026;чт;16:00;Англійська, 1 клас;Богдан;присутність;абонемент (залишилось 5 з 8);;Ірина;
08.10.2026;чт;16:00;Англійська, 1 клас;Єва;присутність;баланс;200;Ірина;
10.10.2026;сб;12:00;Англійська, 1 клас;Марко;присутність;баланс;200;Ірина;
10.10.2026;сб;12:00;Англійська, 1 клас;Ярема;присутність;баланс;200;Ірина;
10.10.2026;сб;12:00;Англійська, 1 клас;Мирослава;присутність;абонемент (залишилось 4 з 8);;Ірина;
10.10.2026;сб;12:00;Англійська, 1 клас;Олександра-Анастасія Коваленко-Шевчук;присутність;баланс;200;Ірина;
10.10.2026;сб;12:00;Англійська, 1 клас;Богдан;присутність;абонемент (залишилось 4 з 8);;Ірина;
10.10.2026;сб;12:00;Англійська, 1 клас;Єва;присутність;баланс;200;Ірина;
