seq;occurred_at;event_type;event_version;actor_teacher_id;payload
1;2026-08-31T06:00:00Z;TeacherRegistered;1;6875fd06-5180-5ff5-9da4-567dc52fa1bb;"{""teacher_id"":""6875fd06-5180-5ff5-9da4-567dc52fa1bb"",""display_name"":""Олена"",""school_id"":""e291a28e-9e33-5f46-ae0a-d1a665d93a5e"",""school_name"":""Мій заклад"",""role"":""owner""}"
2;2026-08-31T06:02:00Z;SchoolProfileUpdated;1;6875fd06-5180-5ff5-9da4-567dc52fa1bb;"{""name"":""Абетка"",""kind"":""development_center"",""kind_custom"":null}"
3;2026-08-31T06:02:00Z;TeacherRenamed;1;6875fd06-5180-5ff5-9da4-567dc52fa1bb;"{""teacher_id"":""6875fd06-5180-5ff5-9da4-567dc52fa1bb"",""display_name"":""Олена Петрівна""}"
4;2026-08-31T06:05:00Z;GroupCreated;1;6875fd06-5180-5ff5-9da4-567dc52fa1bb;"{""group_id"":""794cf4d5-9178-5aca-9d06-6a452c9afb15"",""name"":""Підготовка до школи"",""lesson_price"":150,""teacher_ids"":[""6875fd06-5180-5ff5-9da4-567dc52fa1bb""],""subscription"":{""lessons"":8,""price"":1000}}"
5;2026-08-31T06:06:00Z;ScheduleRuleAdded;1;6875fd06-5180-5ff5-9da4-567dc52fa1bb;"{""rule_id"":""623aeda4-4ce5-5635-93fb-81ae22ed2f1c"",""group_id"":""794cf4d5-9178-5aca-9d06-6a452c9afb15"",""weekday"":0,""start"":""17:00"",""duration_min"":60,""valid_from"":""2026-09-01""}"
6;2026-08-31T06:07:00Z;ScheduleRuleAdded;1;6875fd06-5180-5ff5-9da4-567dc52fa1bb;"{""rule_id"":""9450fe1b-c0fa-57ac-a4fc-dd690e8add8a"",""group_id"":""794cf4d5-9178-5aca-9d06-6a452c9afb15"",""weekday"":2,""start"":""17:00"",""duration_min"":60,""valid_from"":""2026-09-01""}"
7;2026-08-31T06:08:00Z;GroupCreated;1;6875fd06-5180-5ff5-9da4-567dc52fa1bb;"{""group_id"":""5b494bb7-822c-57cb-8c65-070161a0f04b"",""name"":""Англійська, 1 клас"",""lesson_price"":200,""teacher_ids"":[""ee9ba8d1-1ca0-58e5-b6cf-24d8e3608fdf""],""subscription"":{""lessons"":8,""price"":1400}}"
8;2026-08-31T06:09:00Z;ScheduleRuleAdded;1;6875fd06-5180-5ff5-9da4-567dc52fa1bb;"{""rule_id"":""7444ed85-c10e-5118-bdc9-be814a7409d5"",""group_id"":""5b494bb7-822c-57cb-8c65-070161a0f04b"",""weekday"":1,""start"":""16:00"",""duration_min"":60,""valid_from"":""2026-09-01""}"
9;2026-08-31T06:10:00Z;ScheduleRuleAdded;1;6875fd06-5180-5ff5-9da4-567dc52fa1bb;"{""rule_id"":""648baf23-c6e9-5498-a0b4-82f42a6113c3"",""group_id"":""5b494bb7-822c-57cb-8c65-070161a0f04b"",""weekday"":3,""start"":""16:00"",""duration_min"":60,""valid_from"":""2026-09-01""}"
10;2026-08-31T06:11:00Z;GroupCreated;1;6875fd06-5180-5ff5-9da4-567dc52fa1bb;"{""group_id"":""e4127917-93c8-506a-92a9-f69dc3ecad2b"",""name"":""Логіка"",""lesson_price"":120,""teacher_ids"":[""6875fd06-5180-5ff5-9da4-567dc52fa1bb""]}"
11;2026-08-31T06:12:00Z;ScheduleRuleAdded;1;6875fd06-5180-5ff5-9da4-567dc52fa1bb;"{""rule_id"":""c146fe40-9e09-5afb-b7ed-6f051292fe49"",""group_id"":""e4127917-93c8-506a-92a9-f69dc3ecad2b"",""weekday"":5,""start"":""10:00"",""duration_min"":60,""valid_from"":""2026-09-01""}"
12;2026-08-31T06:13:00Z;StudentAdded;1;6875fd06-5180-5ff5-9da4-567dc52fa1bb;"{""student_id"":""27fc65f1-6050-5372-8d87-dd1b8c137e8c"",""name"":""Марко"",""parent_contact"":""@mama_marka""}"
13;2026-08-31T06:14:00Z;StudentJoinedGroup;1;6875fd06-5180-5ff5-9da4-567dc52fa1bb;"{""student_id"":""27fc65f1-6050-5372-8d87-dd1b8c137e8c"",""group_id"":""794cf4d5-9178-5aca-9d06-6a452c9afb15""}"
14;2026-08-31T06:14:00Z;StudentJoinedGroup;1;6875fd06-5180-5ff5-9da4-567dc52fa1bb;"{""student_id"":""27fc65f1-6050-5372-8d87-dd1b8c137e8c"",""group_id"":""5b494bb7-822c-57cb-8c65-070161a0f04b""}"
15;2026-08-31T06:14:00Z;StudentAdded;1;6875fd06-5180-5ff5-9da4-567dc52fa1bb;"{""student_id"":""ce5a8788-5da9-543d-ab0f-f6cb7670abcf"",""name"":""Софійка"",""parent_contact"":""@sofiiky_mama""}"
16;2026-08-31T06:15:00Z;StudentJoinedGroup;1;6875fd06-5180-5ff5-9da4-567dc52fa1bb;"{""student_id"":""ce5a8788-5da9-543d-ab0f-f6cb7670abcf"",""group_id"":""794cf4d5-9178-5aca-9d06-6a452c9afb15""}"
17;2026-08-31T06:15:00Z;StudentJoinedGroup;1;6875fd06-5180-5ff5-9da4-567dc52fa1bb;"{""student_id"":""ce5a8788-5da9-543d-ab0f-f6cb7670abcf"",""group_id"":""e4127917-93c8-506a-92a9-f69dc3ecad2b""}"
18;2026-08-31T06:15:00Z;StudentAdded;1;6875fd06-5180-5ff5-9da4-567dc52fa1bb;"{""student_id"":""a0c8cfa9-e03b-5578-816a-96aa6ec4f1ab"",""name"":""Даринка"",""parent_contact"":""@taras_d""}"
19;2026-08-31T06:16:00Z;StudentJoinedGroup;1;6875fd06-5180-5ff5-9da4-567dc52fa1bb;"{""student_id"":""a0c8cfa9-e03b-5578-816a-96aa6ec4f1ab"",""group_id"":""794cf4d5-9178-5aca-9d06-6a452c9afb15""}"
20;2026-08-31T06:16:00Z;StudentAdded;1;6875fd06-5180-5ff5-9da4-567dc52fa1bb;"{""student_id"":""d1ce05b7-f8ae-5f4b-aeaa-ff8b3cebd216"",""name"":""Тимофій"",""parent_contact"":""+380 00 000 00 01""}"
21;2026-08-31T06:17:00Z;StudentJoinedGroup;1;6875fd06-5180-5ff5-9da4-567dc52fa1bb;"{""student_id"":""d1ce05b7-f8ae-5f4b-aeaa-ff8b3cebd216"",""group_id"":""794cf4d5-9178-5aca-9d06-6a452c9afb15""}"
22;2026-08-31T06:17:00Z;StudentJoinedGroup;1;6875fd06-5180-5ff5-9da4-567dc52fa1bb;"{""student_id"":""d1ce05b7-f8ae-5f4b-aeaa-ff8b3cebd216"",""group_id"":""e4127917-93c8-506a-92a9-f69dc3ecad2b""}"
23;2026-08-31T06:17:00Z;StudentAdded;1;6875fd06-5180-5ff5-9da4-567dc52fa1bb;"{""student_id"":""1c31f32e-7590-5447-ac47-e79a6c581ac8"",""name"":""Остап"",""parent_contact"":""@ostapova_mama""}"
24;2026-08-31T06:18:00Z;StudentJoinedGroup;1;6875fd06-5180-5ff5-9da4-567dc52fa1bb;"{""student_id"":""1c31f32e-7590-5447-ac47-e79a6c581ac8"",""group_id"":""794cf4d5-9178-5aca-9d06-6a452c9afb15""}"
25;2026-08-31T06:18:00Z;StudentAdded;1;6875fd06-5180-5ff5-9da4-567dc52fa1bb;"{""student_id"":""528b1ddb-9e02-5e10-8ce7-35ba9aa750fe"",""name"":""Злата"",""parent_contact"":""@zlata_parent""}"
26;2026-08-31T06:19:00Z;StudentJoinedGroup;1;6875fd06-5180-5ff5-9da4-567dc52fa1bb;"{""student_id"":""528b1ddb-9e02-5e10-8ce7-35ba9aa750fe"",""group_id"":""794cf4d5-9178-5aca-9d06-6a452c9afb15""}"
27;2026-08-31T06:19:00Z;StudentJoinedGroup;1;6875fd06-5180-5ff5-9da4-567dc52fa1bb;"{""student_id"":""528b1ddb-9e02-5e10-8ce7-35ba9aa750fe"",""group_id"":""e4127917-93c8-506a-92a9-f69dc3ecad2b""}"
28;2026-08-31T06:19:00Z;StudentAdded;1;6875fd06-5180-5ff5-9da4-567dc52fa1bb;"{""student_id"":""5d980a49-8b66-5d0c-a153-7386ee9e0235"",""name"":""Максим"",""parent_contact"":""@maks_tato""}"
29;2026-08-31T06:20:00Z;StudentJoinedGroup;1;6875fd06-5180-5ff5-9da4-567dc52fa1bb;"{""student_id"":""5d980a49-8b66-5d0c-a153-7386ee9e0235"",""group_id"":""794cf4d5-9178-5aca-9d06-6a452c9afb15""}"
30;2026-08-31T06:20:00Z;StudentAdded;1;6875fd06-5180-5ff5-9da4-567dc52fa1bb;"{""student_id"":""44e3d344-11c6-517e-835f-c79dec381ec2"",""name"":""Устина"",""parent_contact"":""@ustyna_mama""}"
31;2026-08-31T06:21:00Z;StudentJoinedGroup;1;6875fd06-5180-5ff5-9da4-567dc52fa1bb;"{""student_id"":""44e3d344-11c6-517e-835f-c79dec381ec2"",""group_id"":""794cf4d5-9178-5aca-9d06-6a452c9afb15""}"
32;2026-08-31T06:21:00Z;StudentAdded;1;6875fd06-5180-5ff5-9da4-567dc52fa1bb;"{""student_id"":""0006cf50-7ad3-5598-aa00-250c7209dc34"",""name"":""Ярема"",""parent_contact"":""@yarema_mama""}"
33;2026-08-31T06:22:00Z;StudentJoinedGroup;1;6875fd06-5180-5ff5-9da4-567dc52fa1bb;"{""student_id"":""0006cf50-7ad3-5598-aa00-250c7209dc34"",""group_id"":""5b494bb7-822c-57cb-8c65-070161a0f04b""}"
34;2026-08-31T06:22:00Z;StudentJoinedGroup;1;6875fd06-5180-5ff5-9da4-567dc52fa1bb;"{""student_id"":""0006cf50-7ad3-5598-aa00-250c7209dc34"",""group_id"":""e4127917-93c8-506a-92a9-f69dc3ecad2b""}"
35;2026-08-31T06:22:00Z;StudentAdded;1;6875fd06-5180-5ff5-9da4-567dc52fa1bb;"{""student_id"":""ad739756-d4b6-57da-bf88-2d7e8024e33c"",""name"":""Мирослава"",""parent_contact"":""@myroslava_m""}"
36;2026-08-31T06:23:00Z;StudentJoinedGroup;1;6875fd06-5180-5ff5-9da4-567dc52fa1bb;"{""student_id"":""ad739756-d4b6-57da-bf88-2d7e8024e33c"",""group_id"":""5b494bb7-822c-57cb-8c65-070161a0f04b""}"
37;2026-08-31T06:23:00Z;StudentAdded;1;6875fd06-5180-5ff5-9da4-567dc52fa1bb;"{""student_id"":""93a3706c-d9ad-5ab3-bdc7-61174d1c50bf"",""name"":""Олександра-Анастасія Коваленко-Шевчук"",""parent_contact"":""+380 00 000 00 02""}"
38;2026-08-31T06:24:00Z;StudentJoinedGroup;1;6875fd06-5180-5ff5-9da4-567dc52fa1bb;"{""student_id"":""93a3706c-d9ad-5ab3-bdc7-61174d1c50bf"",""group_id"":""5b494bb7-822c-57cb-8c65-070161a0f04b""}"
39;2026-08-31T06:24:00Z;StudentAdded;1;6875fd06-5180-5ff5-9da4-567dc52fa1bb;"{""student_id"":""89cf4a6e-fd34-54d0-bfc5-d3c82266bae9"",""name"":""Богдан"",""parent_contact"":""@bohdan_tato""}"
40;2026-08-31T06:25:00Z;StudentJoinedGroup;1;6875fd06-5180-5ff5-9da4-567dc52fa1bb;"{""student_id"":""89cf4a6e-fd34-54d0-bfc5-d3c82266bae9"",""group_id"":""5b494bb7-822c-57cb-8c65-070161a0f04b""}"
41;2026-08-31T06:25:00Z;StudentAdded;1;6875fd06-5180-5ff5-9da4-567dc52fa1bb;"{""student_id"":""7d6bffcb-8d38-5f89-992f-564d26662c15"",""name"":""Єва"",""parent_contact"":""@eva_mama""}"
42;2026-08-31T06:26:00Z;StudentJoinedGroup;1;6875fd06-5180-5ff5-9da4-567dc52fa1bb;"{""student_id"":""7d6bffcb-8d38-5f89-992f-564d26662c15"",""group_id"":""5b494bb7-822c-57cb-8c65-070161a0f04b""}"
43;2026-08-31T06:26:00Z;StudentAdded;1;6875fd06-5180-5ff5-9da4-567dc52fa1bb;"{""student_id"":""18ac545a-b1bc-5c2a-a0e4-753e7d744d27"",""name"":""Назар"",""parent_contact"":""@nazar_parent""}"
44;2026-08-31T06:27:00Z;StudentJoinedGroup;1;6875fd06-5180-5ff5-9da4-567dc52fa1bb;"{""student_id"":""18ac545a-b1bc-5c2a-a0e4-753e7d744d27"",""group_id"":""e4127917-93c8-506a-92a9-f69dc3ecad2b""}"
45;2026-08-31T06:27:00Z;StudentAdded;1;6875fd06-5180-5ff5-9da4-567dc52fa1bb;"{""student_id"":""859e7465-f9cd-5da1-8d90-df6d75116798"",""name"":""Поліна"",""parent_contact"":""+380 00 000 00 03""}"
46;2026-08-31T06:28:00Z;StudentJoinedGroup;1;6875fd06-5180-5ff5-9da4-567dc52fa1bb;"{""student_id"":""859e7465-f9cd-5da1-8d90-df6d75116798"",""group_id"":""e4127917-93c8-506a-92a9-f69dc3ecad2b""}"
47;2026-08-31T09:00:00Z;MemberInvited;1;6875fd06-5180-5ff5-9da4-567dc52fa1bb;"{""invite_id"":""6a4a291a-184b-5f57-b57f-0a4c4a4bb9c4"",""role"":""owner""}"
48;2026-08-31T09:05:00Z;MemberInvited;1;6875fd06-5180-5ff5-9da4-567dc52fa1bb;"{""invite_id"":""7e85e275-c8cf-5168-8f5e-f8b065ce80aa"",""role"":""teacher"",""group_ids"":[""5b494bb7-822c-57cb-8c65-070161a0f04b""],""all_groups"":false}"
49;2026-08-31T09:40:00Z;MemberJoined;1;9a4ab382-7955-591d-9e60-dd4aa681c1a5;"{""invite_id"":""6a4a291a-184b-5f57-b57f-0a4c4a4bb9c4"",""teacher_id"":""9a4ab382-7955-591d-9e60-dd4aa681c1a5"",""display_name"":""Андрій"",""role"":""owner""}"
50;2026-08-31T16:15:00Z;MemberJoined;1;ee9ba8d1-1ca0-58e5-b6cf-24d8e3608fdf;"{""invite_id"":""7e85e275-c8cf-5168-8f5e-f8b065ce80aa"",""teacher_id"":""ee9ba8d1-1ca0-58e5-b6cf-24d8e3608fdf"",""display_name"":""Ірина"",""role"":""teacher""}"
51;2026-09-01T07:00:00Z;SubscriptionPurchased;1;6875fd06-5180-5ff5-9da4-567dc52fa1bb;"{""package_id"":""3cd6af78-bb8a-5ea3-846b-5b7beadf30e8"",""student_id"":""a0c8cfa9-e03b-5578-816a-96aa6ec4f1ab"",""group_id"":""794cf4d5-9178-5aca-9d06-6a452c9afb15"",""lessons"":8,""amount"":1000}"
52;2026-09-01T07:10:00Z;SubscriptionPurchased;1;6875fd06-5180-5ff5-9da4-567dc52fa1bb;"{""package_id"":""e44cddc4-bdb6-5906-beff-18e5a3687864"",""student_id"":""528b1ddb-9e02-5e10-8ce7-35ba9aa750fe"",""group_id"":""794cf4d5-9178-5aca-9d06-6a452c9afb15"",""lessons"":8,""amount"":1000}"
53;2026-09-01T08:00:00Z;PaymentRecorded;1;6875fd06-5180-5ff5-9da4-567dc52fa1bb;"{""payment_id"":""dddee352-7053-57bd-b14e-8332cea062b0"",""student_id"":""7d6bffcb-8d38-5f89-992f-564d26662c15"",""amount"":1300}"
54;2026-09-01T08:00:00Z;PaymentRecorded;1;6875fd06-5180-5ff5-9da4-567dc52fa1bb;"{""payment_id"":""13755e24-6101-5292-950b-2a428a72133e"",""student_id"":""528b1ddb-9e02-5e10-8ce7-35ba9aa750fe"",""amount"":450}"
55;2026-09-01T08:00:00Z;PaymentRecorded;1;6875fd06-5180-5ff5-9da4-567dc52fa1bb;"{""payment_id"":""e0160657-5bfa-5761-9a77-682232b23e68"",""student_id"":""5d980a49-8b66-5d0c-a153-7386ee9e0235"",""amount"":750}"
56;2026-09-01T08:00:00Z;PaymentRecorded;1;6875fd06-5180-5ff5-9da4-567dc52fa1bb;"{""payment_id"":""54ae9e97-b374-56a1-83ae-ef3d4912ae4b"",""student_id"":""27fc65f1-6050-5372-8d87-dd1b8c137e8c"",""amount"":1800}"
57;2026-09-01T08:00:00Z;PaymentRecorded;1;6875fd06-5180-5ff5-9da4-567dc52fa1bb;"{""payment_id"":""5ddc55e4-355e-5d34-9bab-25b187e02035"",""student_id"":""18ac545a-b1bc-5c2a-a0e4-753e7d744d27"",""amount"":240}"
58;2026-09-01T08:00:00Z;PaymentRecorded;1;6875fd06-5180-5ff5-9da4-567dc52fa1bb;"{""payment_id"":""fc2c5a08-ae05-50fb-b86d-5b864e675918"",""student_id"":""93a3706c-d9ad-5ab3-bdc7-61174d1c50bf"",""amount"":1100}"
59;2026-09-01T08:00:00Z;PaymentRecorded;1;6875fd06-5180-5ff5-9da4-567dc52fa1bb;"{""payment_id"":""bffea770-e834-51cc-9528-b705c51fcd12"",""student_id"":""1c31f32e-7590-5447-ac47-e79a6c581ac8"",""amount"":300}"
60;2026-09-01T08:00:00Z;PaymentRecorded;1;6875fd06-5180-5ff5-9da4-567dc52fa1bb;"{""payment_id"":""7190ae61-9abb-5e0d-861a-c3aab5fa7848"",""student_id"":""859e7465-f9cd-5da1-8d90-df6d75116798"",""amount"":300}"
61;2026-09-01T08:00:00Z;PaymentRecorded;1;6875fd06-5180-5ff5-9da4-567dc52fa1bb;"{""payment_id"":""358fef28-63c8-5bfc-96a2-09e60190ec37"",""student_id"":""ce5a8788-5da9-543d-ab0f-f6cb7670abcf"",""amount"":1200}"
62;2026-09-01T08:00:00Z;PaymentRecorded;1;6875fd06-5180-5ff5-9da4-567dc52fa1bb;"{""payment_id"":""73bb1b6b-2629-5df5-8801-e951cae702ab"",""student_id"":""d1ce05b7-f8ae-5f4b-aeaa-ff8b3cebd216"",""amount"":600}"
63;2026-09-01T08:00:00Z;PaymentRecorded;1;6875fd06-5180-5ff5-9da4-567dc52fa1bb;"{""payment_id"":""c4b95ab8-9b6c-5544-9983-69d61408bbfd"",""student_id"":""44e3d344-11c6-517e-835f-c79dec381ec2"",""amount"":670}"
64;2026-09-01T08:00:00Z;PaymentRecorded;1;6875fd06-5180-5ff5-9da4-567dc52fa1bb;"{""payment_id"":""71ffa8cb-f8ee-515c-ad39-4e5e749cf9ed"",""student_id"":""0006cf50-7ad3-5598-aa00-250c7209dc34"",""amount"":800}"
65;2026-09-01T09:00:00Z;SubscriptionPurchased;1;ee9ba8d1-1ca0-58e5-b6cf-24d8e3608fdf;"{""package_id"":""7bfad37c-3c1c-518a-8837-e4a01f00e0d3"",""student_id"":""0006cf50-7ad3-5598-aa00-250c7209dc34"",""group_id"":""5b494bb7-822c-57cb-8c65-070161a0f04b"",""lessons"":8,""amount"":1400}"
66;2026-09-01T09:05:00Z;SubscriptionPurchased;1;ee9ba8d1-1ca0-58e5-b6cf-24d8e3608fdf;"{""package_id"":""3f67acda-0492-55a3-8390-ef4c2bc0dd38"",""student_id"":""ad739756-d4b6-57da-bf88-2d7e8024e33c"",""group_id"":""5b494bb7-822c-57cb-8c65-070161a0f04b"",""lessons"":8,""amount"":1400}"
67;2026-09-01T09:10:00Z;SubscriptionPurchased;1;ee9ba8d1-1ca0-58e5-b6cf-24d8e3608fdf;"{""package_id"":""06e33fe0-be65-5629-b866-d296c83bd7e3"",""student_id"":""89cf4a6e-fd34-54d0-bfc5-d3c82266bae9"",""group_id"":""5b494bb7-822c-57cb-8c65-070161a0f04b"",""lessons"":8,""amount"":1400}"
68;2026-09-01T14:05:00Z;AttendanceMarked;1;ee9ba8d1-1ca0-58e5-b6cf-24d8e3608fdf;"{""lesson"":{""rule_id"":""7444ed85-c10e-5118-bdc9-be814a7409d5"",""date"":""2026-09-01""},""present"":[""27fc65f1-6050-5372-8d87-dd1b8c137e8c"",""0006cf50-7ad3-5598-aa00-250c7209dc34"",""ad739756-d4b6-57da-bf88-2d7e8024e33c"",""93a3706c-d9ad-5ab3-bdc7-61174d1c50bf"",""89cf4a6e-fd34-54d0-bfc5-d3c82266bae9"",""7d6bffcb-8d38-5f89-992f-564d26662c15""],""absent"":[]}"
69;2026-09-01T14:05:00Z;LessonCharged;1;;"{""lesson"":{""rule_id"":""7444ed85-c10e-5118-bdc9-be814a7409d5"",""date"":""2026-09-01""},""student_id"":""27fc65f1-6050-5372-8d87-dd1b8c137e8c"",""group_id"":""5b494bb7-822c-57cb-8c65-070161a0f04b"",""source"":""balance"",""amount"":200}"
70;2026-09-01T14:05:00Z;LessonCharged;1;;"{""lesson"":{""rule_id"":""7444ed85-c10e-5118-bdc9-be814a7409d5"",""date"":""2026-09-01""},""student_id"":""0006cf50-7ad3-5598-aa00-250c7209dc34"",""group_id"":""5b494bb7-822c-57cb-8c65-070161a0f04b"",""source"":""subscription"",""package_id"":""7bfad37c-3c1c-518a-8837-e4a01f00e0d3""}"
71;2026-09-01T14:05:00Z;LessonCharged;1;;"{""lesson"":{""rule_id"":""7444ed85-c10e-5118-bdc9-be814a7409d5"",""date"":""2026-09-01""},""student_id"":""ad739756-d4b6-57da-bf88-2d7e8024e33c"",""group_id"":""5b494bb7-822c-57cb-8c65-070161a0f04b"",""source"":""subscription"",""package_id"":""3f67acda-0492-55a3-8390-ef4c2bc0dd38""}"
72;2026-09-01T14:05:00Z;LessonCharged;1;;"{""lesson"":{""rule_id"":""7444ed85-c10e-5118-bdc9-be814a7409d5"",""date"":""2026-09-01""},""student_id"":""93a3706c-d9ad-5ab3-bdc7-61174d1c50bf"",""group_id"":""5b494bb7-822c-57cb-8c65-070161a0f04b"",""source"":""balance"",""amount"":200}"
73;2026-09-01T14:05:00Z;LessonCharged;1;;"{""lesson"":{""rule_id"":""7444ed85-c10e-5118-bdc9-be814a7409d5"",""date"":""2026-09-01""},""student_id"":""89cf4a6e-fd34-54d0-bfc5-d3c82266bae9"",""group_id"":""5b494bb7-822c-57cb-8c65-070161a0f04b"",""source"":""subscription"",""package_id"":""06e33fe0-be65-5629-b866-d296c83bd7e3""}"
74;2026-09-01T14:05:00Z;LessonCharged;1;;"{""lesson"":{""rule_id"":""7444ed85-c10e-5118-bdc9-be814a7409d5"",""date"":""2026-09-01""},""student_id"":""7d6bffcb-8d38-5f89-992f-564d26662c15"",""group_id"":""5b494bb7-822c-57cb-8c65-070161a0f04b"",""source"":""balance"",""amount"":200}"
75;2026-09-01T17:03:00Z;ParentConnected;1;;"{""student_id"":""7d6bffcb-8d38-5f89-992f-564d26662c15""}"
76;2026-09-01T17:05:00Z;ParentConnected;1;;"{""student_id"":""27fc65f1-6050-5372-8d87-dd1b8c137e8c""}"
77;2026-09-01T17:05:00Z;ParentConnected;1;;"{""student_id"":""1c31f32e-7590-5447-ac47-e79a6c581ac8""}"
78;2026-09-01T17:05:00Z;ParentConnected;1;;"{""student_id"":""528b1ddb-9e02-5e10-8ce7-35ba9aa750fe""}"
79;2026-09-01T17:05:00Z;ParentConnected;1;;"{""student_id"":""0006cf50-7ad3-5598-aa00-250c7209dc34""}"
80;2026-09-01T17:05:00Z;ParentConnected;1;;"{""student_id"":""18ac545a-b1bc-5c2a-a0e4-753e7d744d27""}"
81;2026-09-01T17:06:00Z;ParentConnected;1;;"{""student_id"":""5d980a49-8b66-5d0c-a153-7386ee9e0235""}"
82;2026-09-01T17:06:00Z;ParentConnected;1;;"{""student_id"":""89cf4a6e-fd34-54d0-bfc5-d3c82266bae9""}"
83;2026-09-01T17:07:00Z;ParentConnected;1;;"{""student_id"":""ce5a8788-5da9-543d-ab0f-f6cb7670abcf""}"
84;2026-09-01T17:07:00Z;ParentConnected;1;;"{""student_id"":""a0c8cfa9-e03b-5578-816a-96aa6ec4f1ab""}"
85;2026-09-01T17:09:00Z;ParentConnected;1;;"{""student_id"":""ad739756-d4b6-57da-bf88-2d7e8024e33c""}"
86;2026-09-02T15:05:00Z;AttendanceMarked;1;6875fd06-5180-5ff5-9da4-567dc52fa1bb;"{""lesson"":{""rule_id"":""9450fe1b-c0fa-57ac-a4fc-dd690e8add8a"",""date"":""2026-09-02""},""present"":[""27fc65f1-6050-5372-8d87-dd1b8c137e8c"",""ce5a8788-5da9-543d-ab0f-f6cb7670abcf"",""a0c8cfa9-e03b-5578-816a-96aa6ec4f1ab"",""d1ce05b7-f8ae-5f4b-aeaa-ff8b3cebd216"",""1c31f32e-7590-5447-ac47-e79a6c581ac8"",""528b1ddb-9e02-5e10-8ce7-35ba9aa750fe"",""5d980a49-8b66-5d0c-a153-7386ee9e0235"",""44e3d344-11c6-517e-835f-c79dec381ec2""],""absent"":[]}"
87;2026-09-02T15:05:00Z;LessonCharged;1;;"{""lesson"":{""rule_id"":""9450fe1b-c0fa-57ac-a4fc-dd690e8add8a"",""date"":""2026-09-02""},""student_id"":""27fc65f1-6050-5372-8d87-dd1b8c137e8c"",""group_id"":""794cf4d5-9178-5aca-9d06-6a452c9afb15"",""source"":""balance"",""amount"":150}"
88;2026-09-02T15:05:00Z;LessonCharged;1;;"{""lesson"":{""rule_id"":""9450fe1b-c0fa-57ac-a4fc-dd690e8add8a"",""date"":""2026-09-02""},""student_id"":""ce5a8788-5da9-543d-ab0f-f6cb7670abcf"",""group_id"":""794cf4d5-9178-5aca-9d06-6a452c9afb15"",""source"":""balance"",""amount"":150}"
89;2026-09-02T15:05:00Z;LessonCharged;1;;"{""lesson"":{""rule_id"":""9450fe1b-c0fa-57ac-a4fc-dd690e8add8a"",""date"":""2026-09-02""},""student_id"":""a0c8cfa9-e03b-5578-816a-96aa6ec4f1ab"",""group_id"":""794cf4d5-9178-5aca-9d06-6a452c9afb15"",""source"":""subscription"",""package_id"":""3cd6af78-bb8a-5ea3-846b-5b7beadf30e8""}"
90;2026-09-02T15:05:00Z;LessonCharged;1;;"{""lesson"":{""rule_id"":""9450fe1b-c0fa-57ac-a4fc-dd690e8add8a"",""date"":""2026-09-02""},""student_id"":""d1ce05b7-f8ae-5f4b-aeaa-ff8b3cebd216"",""group_id"":""794cf4d5-9178-5aca-9d06-6a452c9afb15"",""source"":""balance"",""amount"":150}"
91;2026-09-02T15:05:00Z;LessonCharged;1;;"{""lesson"":{""rule_id"":""9450fe1b-c0fa-57ac-a4fc-dd690e8add8a"",""date"":""2026-09-02""},""student_id"":""1c31f32e-7590-5447-ac47-e79a6c581ac8"",""group_id"":""794cf4d5-9178-5aca-9d06-6a452c9afb15"",""source"":""balance"",""amount"":150}"
92;2026-09-02T15:05:00Z;LessonCharged;1;;"{""lesson"":{""rule_id"":""9450fe1b-c0fa-57ac-a4fc-dd690e8add8a"",""date"":""2026-09-02""},""student_id"":""528b1ddb-9e02-5e10-8ce7-35ba9aa750fe"",""group_id"":""794cf4d5-9178-5aca-9d06-6a452c9afb15"",""source"":""subscription"",""package_id"":""e44cddc4-bdb6-5906-beff-18e5a3687864""}"
93;2026-09-02T15:05:00Z;LessonCharged;1;;"{""lesson"":{""rule_id"":""9450fe1b-c0fa-57ac-a4fc-dd690e8add8a"",""date"":""2026-09-02""},""student_id"":""5d980a49-8b66-5d0c-a153-7386ee9e0235"",""group_id"":""794cf4d5-9178-5aca-9d06-6a452c9afb15"",""source"":""balance"",""amount"":150}"
94;2026-09-02T15:05:00Z;LessonCharged;1;;"{""lesson"":{""rule_id"":""9450fe1b-c0fa-57ac-a4fc-dd690e8add8a"",""date"":""2026-09-02""},""student_id"":""44e3d344-11c6-517e-835f-c79dec381ec2"",""group_id"":""794cf4d5-9178-5aca-9d06-6a452c9afb15"",""source"":""balance"",""amount"":150}"
95;2026-09-03T14:05:00Z;AttendanceMarked;1;ee9ba8d1-1ca0-58e5-b6cf-24d8e3608fdf;"{""lesson"":{""rule_id"":""648baf23-c6e9-5498-a0b4-82f42a6113c3"",""date"":""2026-09-03""},""present"":[""27fc65f1-6050-5372-8d87-dd1b8c137e8c"",""0006cf50-7ad3-5598-aa00-250c7209dc34"",""ad739756-d4b6-57da-bf88-2d7e8024e33c"",""93a3706c-d9ad-5ab3-bdc7-61174d1c50bf"",""89cf4a6e-fd34-54d0-bfc5-d3c82266bae9"",""7d6bffcb-8d38-5f89-992f-564d26662c15""],""absent"":[]}"
96;2026-09-03T14:05:00Z;LessonCharged;1;;"{""lesson"":{""rule_id"":""648baf23-c6e9-5498-a0b4-82f42a6113c3"",""date"":""2026-09-03""},""student_id"":""27fc65f1-6050-5372-8d87-dd1b8c137e8c"",""group_id"":""5b494bb7-822c-57cb-8c65-070161a0f04b"",""source"":""balance"",""amount"":200}"
97;2026-09-03T14:05:00Z;LessonCharged;1;;"{""lesson"":{""rule_id"":""648baf23-c6e9-5498-a0b4-82f42a6113c3"",""date"":""2026-09-03""},""student_id"":""0006cf50-7ad3-5598-aa00-250c7209dc34"",""group_id"":""5b494bb7-822c-57cb-8c65-070161a0f04b"",""source"":""subscription"",""package_id"":""7bfad37c-3c1c-518a-8837-e4a01f00e0d3""}"
98;2026-09-03T14:05:00Z;LessonCharged;1;;"{""lesson"":{""rule_id"":""648baf23-c6e9-5498-a0b4-82f42a6113c3"",""date"":""2026-09-03""},""student_id"":""ad739756-d4b6-57da-bf88-2d7e8024e33c"",""group_id"":""5b494bb7-822c-57cb-8c65-070161a0f04b"",""source"":""subscription"",""package_id"":""3f67acda-0492-55a3-8390-ef4c2bc0dd38""}"
99;2026-09-03T14:05:00Z;LessonCharged;1;;"{""lesson"":{""rule_id"":""648baf23-c6e9-5498-a0b4-82f42a6113c3"",""date"":""2026-09-03""},""student_id"":""93a3706c-d9ad-5ab3-bdc7-61174d1c50bf"",""group_id"":""5b494bb7-822c-57cb-8c65-070161a0f04b"",""source"":""balance"",""amount"":200}"
100;2026-09-03T14:05:00Z;LessonCharged;1;;"{""lesson"":{""rule_id"":""648baf23-c6e9-5498-a0b4-82f42a6113c3"",""date"":""2026-09-03""},""student_id"":""89cf4a6e-fd34-54d0-bfc5-d3c82266bae9"",""group_id"":""5b494bb7-822c-57cb-8c65-070161a0f04b"",""source"":""subscription"",""package_id"":""06e33fe0-be65-5629-b866-d296c83bd7e3""}"
101;2026-09-03T14:05:00Z;LessonCharged;1;;"{""lesson"":{""rule_id"":""648baf23-c6e9-5498-a0b4-82f42a6113c3"",""date"":""2026-09-03""},""student_id"":""7d6bffcb-8d38-5f89-992f-564d26662c15"",""group_id"":""5b494bb7-822c-57cb-8c65-070161a0f04b"",""source"":""balance"",""amount"":200}"
102;2026-09-05T08:05:00Z;AttendanceMarked;1;6875fd06-5180-5ff5-9da4-567dc52fa1bb;"{""lesson"":{""rule_id"":""c146fe40-9e09-5afb-b7ed-6f051292fe49"",""date"":""2026-09-05""},""present"":[""ce5a8788-5da9-543d-ab0f-f6cb7670abcf"",""d1ce05b7-f8ae-5f4b-aeaa-ff8b3cebd216"",""528b1ddb-9e02-5e10-8ce7-35ba9aa750fe"",""0006cf50-7ad3-5598-aa00-250c7209dc34"",""18ac545a-b1bc-5c2a-a0e4-753e7d744d27"",""859e7465-f9cd-5da1-8d90-df6d75116798""],""absent"":[]}"
103;2026-09-05T08:05:00Z;LessonCharged;1;;"{""lesson"":{""rule_id"":""c146fe40-9e09-5afb-b7ed-6f051292fe49"",""date"":""2026-09-05""},""student_id"":""ce5a8788-5da9-543d-ab0f-f6cb7670abcf"",""group_id"":""e4127917-93c8-506a-92a9-f69dc3ecad2b"",""source"":""balance"",""amount"":120}"
104;2026-09-05T08:05:00Z;LessonCharged;1;;"{""lesson"":{""rule_id"":""c146fe40-9e09-5afb-b7ed-6f051292fe49"",""date"":""2026-09-05""},""student_id"":""d1ce05b7-f8ae-5f4b-aeaa-ff8b3cebd216"",""group_id"":""e4127917-93c8-506a-92a9-f69dc3ecad2b"",""source"":""balance"",""amount"":120}"
105;2026-09-05T08:05:00Z;LessonCharged;1;;"{""lesson"":{""rule_id"":""c146fe40-9e09-5afb-b7ed-6f051292fe49"",""date"":""2026-09-05""},""student_id"":""528b1ddb-9e02-5e10-8ce7-35ba9aa750fe"",""group_id"":""e4127917-93c8-506a-92a9-f69dc3ecad2b"",""source"":""balance"",""amount"":120}"
106;2026-09-05T08:05:00Z;LessonCharged;1;;"{""lesson"":{""rule_id"":""c146fe40-9e09-5afb-b7ed-6f051292fe49"",""date"":""2026-09-05""},""student_id"":""0006cf50-7ad3-5598-aa00-250c7209dc34"",""group_id"":""e4127917-93c8-506a-92a9-f69dc3ecad2b"",""source"":""balance"",""amount"":120}"
107;2026-09-05T08:05:00Z;LessonCharged;1;;"{""lesson"":{""rule_id"":""c146fe40-9e09-5afb-b7ed-6f051292fe49"",""date"":""2026-09-05""},""student_id"":""18ac545a-b1bc-5c2a-a0e4-753e7d744d27"",""group_id"":""e4127917-93c8-506a-92a9-f69dc3ecad2b"",""source"":""balance"",""amount"":120}"
108;2026-09-05T08:05:00Z;LessonCharged;1;;"{""lesson"":{""rule_id"":""c146fe40-9e09-5afb-b7ed-6f051292fe49"",""date"":""2026-09-05""},""student_id"":""859e7465-f9cd-5da1-8d90-df6d75116798"",""group_id"":""e4127917-93c8-506a-92a9-f69dc3ecad2b"",""source"":""balance"",""amount"":120}"
109;2026-09-07T15:05:00Z;AttendanceMarked;1;6875fd06-5180-5ff5-9da4-567dc52fa1bb;"{""lesson"":{""rule_id"":""623aeda4-4ce5-5635-93fb-81ae22ed2f1c"",""date"":""2026-09-07""},""present"":[""27fc65f1-6050-5372-8d87-dd1b8c137e8c"",""ce5a8788-5da9-543d-ab0f-f6cb7670abcf"",""a0c8cfa9-e03b-5578-816a-96aa6ec4f1ab"",""1c31f32e-7590-5447-ac47-e79a6c581ac8"",""528b1ddb-9e02-5e10-8ce7-35ba9aa750fe"",""5d980a49-8b66-5d0c-a153-7386ee9e0235"",""44e3d344-11c6-517e-835f-c79dec381ec2""],""absent"":[""d1ce05b7-f8ae-5f4b-aeaa-ff8b3cebd216""]}"
110;2026-09-07T15:05:00Z;LessonCharged;1;;"{""lesson"":{""rule_id"":""623aeda4-4ce5-5635-93fb-81ae22ed2f1c"",""date"":""2026-09-07""},""student_id"":""27fc65f1-6050-5372-8d87-dd1b8c137e8c"",""group_id"":""794cf4d5-9178-5aca-9d06-6a452c9afb15"",""source"":""balance"",""amount"":150}"
111;2026-09-07T15:05:00Z;LessonCharged;1;;"{""lesson"":{""rule_id"":""623aeda4-4ce5-5635-93fb-81ae22ed2f1c"",""date"":""2026-09-07""},""student_id"":""ce5a8788-5da9-543d-ab0f-f6cb7670abcf"",""group_id"":""794cf4d5-9178-5aca-9d06-6a452c9afb15"",""source"":""balance"",""amount"":150}"
112;2026-09-07T15:05:00Z;LessonCharged;1;;"{""lesson"":{""rule_id"":""623aeda4-4ce5-5635-93fb-81ae22ed2f1c"",""date"":""2026-09-07""},""student_id"":""a0c8cfa9-e03b-5578-816a-96aa6ec4f1ab"",""group_id"":""794cf4d5-9178-5aca-9d06-6a452c9afb15"",""source"":""subscription"",""package_id"":""3cd6af78-bb8a-5ea3-846b-5b7beadf30e8""}"
113;2026-09-07T15:05:00Z;LessonCharged;1;;"{""lesson"":{""rule_id"":""623aeda4-4ce5-5635-93fb-81ae22ed2f1c"",""date"":""2026-09-07""},""student_id"":""1c31f32e-7590-5447-ac47-e79a6c581ac8"",""group_id"":""794cf4d5-9178-5aca-9d06-6a452c9afb15"",""source"":""balance"",""amount"":150}"
114;2026-09-07T15:05:00Z;LessonCharged;1;;"{""lesson"":{""rule_id"":""623aeda4-4ce5-5635-93fb-81ae22ed2f1c"",""date"":""2026-09-07""},""student_id"":""528b1ddb-9e02-5e10-8ce7-35ba9aa750fe"",""group_id"":""794cf4d5-9178-5aca-9d06-6a452c9afb15"",""source"":""subscription"",""package_id"":""e44cddc4-bdb6-5906-beff-18e5a3687864""}"
115;2026-09-07T15:05:00Z;LessonCharged;1;;"{""lesson"":{""rule_id"":""623aeda4-4ce5-5635-93fb-81ae22ed2f1c"",""date"":""2026-09-07""},""student_id"":""5d980a49-8b66-5d0c-a153-7386ee9e0235"",""group_id"":""794cf4d5-9178-5aca-9d06-6a452c9afb15"",""source"":""balance"",""amount"":150}"
116;2026-09-07T15:05:00Z;LessonCharged;1;;"{""lesson"":{""rule_id"":""623aeda4-4ce5-5635-93fb-81ae22ed2f1c"",""date"":""2026-09-07""},""student_id"":""44e3d344-11c6-517e-835f-c79dec381ec2"",""group_id"":""794cf4d5-9178-5aca-9d06-6a452c9afb15"",""source"":""balance"",""amount"":150}"
117;2026-09-08T14:05:00Z;AttendanceMarked;1;ee9ba8d1-1ca0-58e5-b6cf-24d8e3608fdf;"{""lesson"":{""rule_id"":""7444ed85-c10e-5118-bdc9-be814a7409d5"",""date"":""2026-09-08""},""present"":[""27fc65f1-6050-5372-8d87-dd1b8c137e8c"",""0006cf50-7ad3-5598-aa00-250c7209dc34"",""93a3706c-d9ad-5ab3-bdc7-61174d1c50bf"",""89cf4a6e-fd34-54d0-bfc5-d3c82266bae9"",""7d6bffcb-8d38-5f89-992f-564d26662c15""],""absent"":[""ad739756-d4b6-57da-bf88-2d7e8024e33c""]}"
118;2026-09-08T14:05:00Z;LessonCharged;1;;"{""lesson"":{""rule_id"":""7444ed85-c10e-5118-bdc9-be814a7409d5"",""date"":""2026-09-08""},""student_id"":""27fc65f1-6050-5372-8d87-dd1b8c137e8c"",""group_id"":""5b494bb7-822c-57cb-8c65-070161a0f04b"",""source"":""balance"",""amount"":200}"
119;2026-09-08T14:05:00Z;LessonCharged;1;;"{""lesson"":{""rule_id"":""7444ed85-c10e-5118-bdc9-be814a7409d5"",""date"":""2026-09-08""},""student_id"":""0006cf50-7ad3-5598-aa00-250c7209dc34"",""group_id"":""5b494bb7-822c-57cb-8c65-070161a0f04b"",""source"":""subscription"",""package_id"":""7bfad37c-3c1c-518a-8837-e4a01f00e0d3""}"
120;2026-09-08T14:05:00Z;LessonCharged;1;;"{""lesson"":{""rule_id"":""7444ed85-c10e-5118-bdc9-be814a7409d5"",""date"":""2026-09-08""},""student_id"":""93a3706c-d9ad-5ab3-bdc7-61174d1c50bf"",""group_id"":""5b494bb7-822c-57cb-8c65-070161a0f04b"",""source"":""balance"",""amount"":200}"
121;2026-09-08T14:05:00Z;LessonCharged;1;;"{""lesson"":{""rule_id"":""7444ed85-c10e-5118-bdc9-be814a7409d5"",""date"":""2026-09-08""},""student_id"":""89cf4a6e-fd34-54d0-bfc5-d3c82266bae9"",""group_id"":""5b494bb7-822c-57cb-8c65-070161a0f04b"",""source"":""subscription"",""package_id"":""06e33fe0-be65-5629-b866-d296c83bd7e3""}"
122;2026-09-08T14:05:00Z;LessonCharged;1;;"{""lesson"":{""rule_id"":""7444ed85-c10e-5118-bdc9-be814a7409d5"",""date"":""2026-09-08""},""student_id"":""7d6bffcb-8d38-5f89-992f-564d26662c15"",""group_id"":""5b494bb7-822c-57cb-8c65-070161a0f04b"",""source"":""balance"",""amount"":200}"
123;2026-09-09T15:05:00Z;AttendanceMarked;1;6875fd06-5180-5ff5-9da4-567dc52fa1bb;"{""lesson"":{""rule_id"":""9450fe1b-c0fa-57ac-a4fc-dd690e8add8a"",""date"":""2026-09-09""},""present"":[""27fc65f1-6050-5372-8d87-dd1b8c137e8c"",""ce5a8788-5da9-543d-ab0f-f6cb7670abcf"",""a0c8cfa9-e03b-5578-816a-96aa6ec4f1ab"",""d1ce05b7-f8ae-5f4b-aeaa-ff8b3cebd216"",""1c31f32e-7590-5447-ac47-e79a6c581ac8"",""5d980a49-8b66-5d0c-a153-7386ee9e0235"",""44e3d344-11c6-517e-835f-c79dec381ec2""],""absent"":[""528b1ddb-9e02-5e10-8ce7-35ba9aa750fe""]}"
124;2026-09-09T15:05:00Z;LessonCharged;1;;"{""lesson"":{""rule_id"":""9450fe1b-c0fa-57ac-a4fc-dd690e8add8a"",""date"":""2026-09-09""},""student_id"":""27fc65f1-6050-5372-8d87-dd1b8c137e8c"",""group_id"":""794cf4d5-9178-5aca-9d06-6a452c9afb15"",""source"":""balance"",""amount"":150}"
125;2026-09-09T15:05:00Z;LessonCharged;1;;"{""lesson"":{""rule_id"":""9450fe1b-c0fa-57ac-a4fc-dd690e8add8a"",""date"":""2026-09-09""},""student_id"":""ce5a8788-5da9-543d-ab0f-f6cb7670abcf"",""group_id"":""794cf4d5-9178-5aca-9d06-6a452c9afb15"",""source"":""balance"",""amount"":150}"
126;2026-09-09T15:05:00Z;LessonCharged;1;;"{""lesson"":{""rule_id"":""9450fe1b-c0fa-57ac-a4fc-dd690e8add8a"",""date"":""2026-09-09""},""student_id"":""a0c8cfa9-e03b-5578-816a-96aa6ec4f1ab"",""group_id"":""794cf4d5-9178-5aca-9d06-6a452c9afb15"",""source"":""subscription"",""package_id"":""3cd6af78-bb8a-5ea3-846b-5b7beadf30e8""}"
127;2026-09-09T15:05:00Z;LessonCharged;1;;"{""lesson"":{""rule_id"":""9450fe1b-c0fa-57ac-a4fc-dd690e8add8a"",""date"":""2026-09-09""},""student_id"":""d1ce05b7-f8ae-5f4b-aeaa-ff8b3cebd216"",""group_id"":""794cf4d5-9178-5aca-9d06-6a452c9afb15"",""source"":""balance"",""amount"":150}"
128;2026-09-09T15:05:00Z;LessonCharged;1;;"{""lesson"":{""rule_id"":""9450fe1b-c0fa-57ac-a4fc-dd690e8add8a"",""date"":""2026-09-09""},""student_id"":""1c31f32e-7590-5447-ac47-e79a6c581ac8"",""group_id"":""794cf4d5-9178-5aca-9d06-6a452c9afb15"",""source"":""balance"",""amount"":150}"
129;2026-09-09T15:05:00Z;LessonCharged;1;;"{""lesson"":{""rule_id"":""9450fe1b-c0fa-57ac-a4fc-dd690e8add8a"",""date"":""2026-09-09""},""student_id"":""5d980a49-8b66-5d0c-a153-7386ee9e0235"",""group_id"":""794cf4d5-9178-5aca-9d06-6a452c9afb15"",""source"":""balance"",""amount"":150}"
130;2026-09-09T15:05:00Z;LessonCharged;1;;"{""lesson"":{""rule_id"":""9450fe1b-c0fa-57ac-a4fc-dd690e8add8a"",""date"":""2026-09-09""},""student_id"":""44e3d344-11c6-517e-835f-c79dec381ec2"",""group_id"":""794cf4d5-9178-5aca-9d06-6a452c9afb15"",""source"":""balance"",""amount"":150}"
131;2026-09-10T14:05:00Z;AttendanceMarked;1;ee9ba8d1-1ca0-58e5-b6cf-24d8e3608fdf;"{""lesson"":{""rule_id"":""648baf23-c6e9-5498-a0b4-82f42a6113c3"",""date"":""2026-09-10""},""present"":[""27fc65f1-6050-5372-8d87-dd1b8c137e8c"",""0006cf50-7ad3-5598-aa00-250c7209dc34"",""ad739756-d4b6-57da-bf88-2d7e8024e33c"",""93a3706c-d9ad-5ab3-bdc7-61174d1c50bf"",""89cf4a6e-fd34-54d0-bfc5-d3c82266bae9"",""7d6bffcb-8d38-5f89-992f-564d26662c15""],""absent"":[]}"
132;2026-09-10T14:05:00Z;LessonCharged;1;;"{""lesson"":{""rule_id"":""648baf23-c6e9-5498-a0b4-82f42a6113c3"",""date"":""2026-09-10""},""student_id"":""27fc65f1-6050-5372-8d87-dd1b8c137e8c"",""group_id"":""5b494bb7-822c-57cb-8c65-070161a0f04b"",""source"":""balance"",""amount"":200}"
133;2026-09-10T14:05:00Z;LessonCharged;1;;"{""lesson"":{""rule_id"":""648baf23-c6e9-5498-a0b4-82f42a6113c3"",""date"":""2026-09-10""},""student_id"":""0006cf50-7ad3-5598-aa00-250c7209dc34"",""group_id"":""5b494bb7-822c-57cb-8c65-070161a0f04b"",""source"":""subscription"",""package_id"":""7bfad37c-3c1c-518a-8837-e4a01f00e0d3""}"
134;2026-09-10T14:05:00Z;LessonCharged;1;;"{""lesson"":{""rule_id"":""648baf23-c6e9-5498-a0b4-82f42a6113c3"",""date"":""2026-09-10""},""student_id"":""ad739756-d4b6-57da-bf88-2d7e8024e33c"",""group_id"":""5b494bb7-822c-57cb-8c65-070161a0f04b"",""source"":""subscription"",""package_id"":""3f67acda-0492-55a3-8390-ef4c2bc0dd38""}"
135;2026-09-10T14:05:00Z;LessonCharged;1;;"{""lesson"":{""rule_id"":""648baf23-c6e9-5498-a0b4-82f42a6113c3"",""date"":""2026-09-10""},""student_id"":""93a3706c-d9ad-5ab3-bdc7-61174d1c50bf"",""group_id"":""5b494bb7-822c-57cb-8c65-070161a0f04b"",""source"":""balance"",""amount"":200}"
136;2026-09-10T14:05:00Z;LessonCharged;1;;"{""lesson"":{""rule_id"":""648baf23-c6e9-5498-a0b4-82f42a6113c3"",""date"":""2026-09-10""},""student_id"":""89cf4a6e-fd34-54d0-bfc5-d3c82266bae9"",""group_id"":""5b494bb7-822c-57cb-8c65-070161a0f04b"",""source"":""subscription"",""package_id"":""06e33fe0-be65-5629-b866-d296c83bd7e3""}"
137;2026-09-10T14:05:00Z;LessonCharged;1;;"{""lesson"":{""rule_id"":""648baf23-c6e9-5498-a0b4-82f42a6113c3"",""date"":""2026-09-10""},""student_id"":""7d6bffcb-8d38-5f89-992f-564d26662c15"",""group_id"":""5b494bb7-822c-57cb-8c65-070161a0f04b"",""source"":""balance"",""amount"":200}"
138;2026-09-12T08:05:00Z;AttendanceMarked;1;6875fd06-5180-5ff5-9da4-567dc52fa1bb;"{""lesson"":{""rule_id"":""c146fe40-9e09-5afb-b7ed-6f051292fe49"",""date"":""2026-09-12""},""present"":[""ce5a8788-5da9-543d-ab0f-f6cb7670abcf"",""d1ce05b7-f8ae-5f4b-aeaa-ff8b3cebd216"",""528b1ddb-9e02-5e10-8ce7-35ba9aa750fe"",""0006cf50-7ad3-5598-aa00-250c7209dc34"",""18ac545a-b1bc-5c2a-a0e4-753e7d744d27"",""859e7465-f9cd-5da1-8d90-df6d75116798""],""absent"":[]}"
139;2026-09-12T08:05:00Z;LessonCharged;1;;"{""lesson"":{""rule_id"":""c146fe40-9e09-5afb-b7ed-6f051292fe49"",""date"":""2026-09-12""},""student_id"":""ce5a8788-5da9-543d-ab0f-f6cb7670abcf"",""group_id"":""e4127917-93c8-506a-92a9-f69dc3ecad2b"",""source"":""balance"",""amount"":120}"
140;2026-09-12T08:05:00Z;LessonCharged;1;;"{""lesson"":{""rule_id"":""c146fe40-9e09-5afb-b7ed-6f051292fe49"",""date"":""2026-09-12""},""student_id"":""d1ce05b7-f8ae-5f4b-aeaa-ff8b3cebd216"",""group_id"":""e4127917-93c8-506a-92a9-f69dc3ecad2b"",""source"":""balance"",""amount"":120}"
141;2026-09-12T08:05:00Z;LessonCharged;1;;"{""lesson"":{""rule_id"":""c146fe40-9e09-5afb-b7ed-6f051292fe49"",""date"":""2026-09-12""},""student_id"":""528b1ddb-9e02-5e10-8ce7-35ba9aa750fe"",""group_id"":""e4127917-93c8-506a-92a9-f69dc3ecad2b"",""source"":""balance"",""amount"":120}"
142;2026-09-12T08:05:00Z;LessonCharged;1;;"{""lesson"":{""rule_id"":""c146fe40-9e09-5afb-b7ed-6f051292fe49"",""date"":""2026-09-12""},""student_id"":""0006cf50-7ad3-5598-aa00-250c7209dc34"",""group_id"":""e4127917-93c8-506a-92a9-f69dc3ecad2b"",""source"":""balance"",""amount"":120}"
143;2026-09-12T08:05:00Z;LessonCharged;1;;"{""lesson"":{""rule_id"":""c146fe40-9e09-5afb-b7ed-6f051292fe49"",""date"":""2026-09-12""},""student_id"":""18ac545a-b1bc-5c2a-a0e4-753e7d744d27"",""group_id"":""e4127917-93c8-506a-92a9-f69dc3ecad2b"",""source"":""balance"",""amount"":120}"
144;2026-09-12T08:05:00Z;LessonCharged;1;;"{""lesson"":{""rule_id"":""c146fe40-9e09-5afb-b7ed-6f051292fe49"",""date"":""2026-09-12""},""student_id"":""859e7465-f9cd-5da1-8d90-df6d75116798"",""group_id"":""e4127917-93c8-506a-92a9-f69dc3ecad2b"",""source"":""balance"",""amount"":120}"
145;2026-09-14T15:05:00Z;AttendanceMarked;1;6875fd06-5180-5ff5-9da4-567dc52fa1bb;"{""lesson"":{""rule_id"":""623aeda4-4ce5-5635-93fb-81ae22ed2f1c"",""date"":""2026-09-14""},""present"":[""27fc65f1-6050-5372-8d87-dd1b8c137e8c"",""ce5a8788-5da9-543d-ab0f-f6cb7670abcf"",""a0c8cfa9-e03b-5578-816a-96aa6ec4f1ab"",""d1ce05b7-f8ae-5f4b-aeaa-ff8b3cebd216"",""1c31f32e-7590-5447-ac47-e79a6c581ac8"",""528b1ddb-9e02-5e10-8ce7-35ba9aa750fe"",""44e3d344-11c6-517e-835f-c79dec381ec2""],""absent"":[""5d980a49-8b66-5d0c-a153-7386ee9e0235""]}"
146;2026-09-14T15:05:00Z;LessonCharged;1;;"{""lesson"":{""rule_id"":""623aeda4-4ce5-5635-93fb-81ae22ed2f1c"",""date"":""2026-09-14""},""student_id"":""27fc65f1-6050-5372-8d87-dd1b8c137e8c"",""group_id"":""794cf4d5-9178-5aca-9d06-6a452c9afb15"",""source"":""balance"",""amount"":150}"
147;2026-09-14T15:05:00Z;LessonCharged;1;;"{""lesson"":{""rule_id"":""623aeda4-4ce5-5635-93fb-81ae22ed2f1c"",""date"":""2026-09-14""},""student_id"":""ce5a8788-5da9-543d-ab0f-f6cb7670abcf"",""group_id"":""794cf4d5-9178-5aca-9d06-6a452c9afb15"",""source"":""balance"",""amount"":150}"
148;2026-09-14T15:05:00Z;LessonCharged;1;;"{""lesson"":{""rule_id"":""623aeda4-4ce5-5635-93fb-81ae22ed2f1c"",""date"":""2026-09-14""},""student_id"":""a0c8cfa9-e03b-5578-816a-96aa6ec4f1ab"",""group_id"":""794cf4d5-9178-5aca-9d06-6a452c9afb15"",""source"":""subscription"",""package_id"":""3cd6af78-bb8a-5ea3-846b-5b7beadf30e8""}"
149;2026-09-14T15:05:00Z;LessonCharged;1;;"{""lesson"":{""rule_id"":""623aeda4-4ce5-5635-93fb-81ae22ed2f1c"",""date"":""2026-09-14""},""student_id"":""d1ce05b7-f8ae-5f4b-aeaa-ff8b3cebd216"",""group_id"":""794cf4d5-9178-5aca-9d06-6a452c9afb15"",""source"":""balance"",""amount"":150}"
150;2026-09-14T15:05:00Z;LessonCharged;1;;"{""lesson"":{""rule_id"":""623aeda4-4ce5-5635-93fb-81ae22ed2f1c"",""date"":""2026-09-14""},""student_id"":""1c31f32e-7590-5447-ac47-e79a6c581ac8"",""group_id"":""794cf4d5-9178-5aca-9d06-6a452c9afb15"",""source"":""balance"",""amount"":150}"
151;2026-09-14T15:05:00Z;LessonCharged;1;;"{""lesson"":{""rule_id"":""623aeda4-4ce5-5635-93fb-81ae22ed2f1c"",""date"":""2026-09-14""},""student_id"":""528b1ddb-9e02-5e10-8ce7-35ba9aa750fe"",""group_id"":""794cf4d5-9178-5aca-9d06-6a452c9afb15"",""source"":""subscription"",""package_id"":""e44cddc4-bdb6-5906-beff-18e5a3687864""}"
152;2026-09-14T15:05:00Z;LessonCharged;1;;"{""lesson"":{""rule_id"":""623aeda4-4ce5-5635-93fb-81ae22ed2f1c"",""date"":""2026-09-14""},""student_id"":""44e3d344-11c6-517e-835f-c79dec381ec2"",""group_id"":""794cf4d5-9178-5aca-9d06-6a452c9afb15"",""source"":""balance"",""amount"":150}"
153;2026-09-15T07:00:00Z;SubscriptionPurchased;1;9a4ab382-7955-591d-9e60-dd4aa681c1a5;"{""package_id"":""468adda6-398a-5d08-98fd-653539fdd728"",""student_id"":""1c31f32e-7590-5447-ac47-e79a6c581ac8"",""group_id"":""794cf4d5-9178-5aca-9d06-6a452c9afb15"",""lessons"":8,""amount"":1000}"
154;2026-09-15T14:05:00Z;AttendanceMarked;1;ee9ba8d1-1ca0-58e5-b6cf-24d8e3608fdf;"{""lesson"":{""rule_id"":""7444ed85-c10e-5118-bdc9-be814a7409d5"",""date"":""2026-09-15""},""present"":[""27fc65f1-6050-5372-8d87-dd1b8c137e8c"",""0006cf50-7ad3-5598-aa00-250c7209dc34"",""ad739756-d4b6-57da-bf88-2d7e8024e33c"",""93a3706c-d9ad-5ab3-bdc7-61174d1c50bf"",""89cf4a6e-fd34-54d0-bfc5-d3c82266bae9"",""7d6bffcb-8d38-5f89-992f-564d26662c15""],""absent"":[]}"
155;2026-09-15T14:05:00Z;LessonCharged;1;;"{""lesson"":{""rule_id"":""7444ed85-c10e-5118-bdc9-be814a7409d5"",""date"":""2026-09-15""},""student_id"":""27fc65f1-6050-5372-8d87-dd1b8c137e8c"",""group_id"":""5b494bb7-822c-57cb-8c65-070161a0f04b"",""source"":""balance"",""amount"":200}"
156;2026-09-15T14:05:00Z;LessonCharged;1;;"{""lesson"":{""rule_id"":""7444ed85-c10e-5118-bdc9-be814a7409d5"",""date"":""2026-09-15""},""student_id"":""0006cf50-7ad3-5598-aa00-250c7209dc34"",""group_id"":""5b494bb7-822c-57cb-8c65-070161a0f04b"",""source"":""subscription"",""package_id"":""7bfad37c-3c1c-518a-8837-e4a01f00e0d3""}"
157;2026-09-15T14:05:00Z;LessonCharged;1;;"{""lesson"":{""rule_id"":""7444ed85-c10e-5118-bdc9-be814a7409d5"",""date"":""2026-09-15""},""student_id"":""ad739756-d4b6-57da-bf88-2d7e8024e33c"",""group_id"":""5b494bb7-822c-57cb-8c65-070161a0f04b"",""source"":""subscription"",""package_id"":""3f67acda-0492-55a3-8390-ef4c2bc0dd38""}"
158;2026-09-15T14:05:00Z;LessonCharged;1;;"{""lesson"":{""rule_id"":""7444ed85-c10e-5118-bdc9-be814a7409d5"",""date"":""2026-09-15""},""student_id"":""93a3706c-d9ad-5ab3-bdc7-61174d1c50bf"",""group_id"":""5b494bb7-822c-57cb-8c65-070161a0f04b"",""source"":""balance"",""amount"":200}"
159;2026-09-15T14:05:00Z;LessonCharged;1;;"{""lesson"":{""rule_id"":""7444ed85-c10e-5118-bdc9-be814a7409d5"",""date"":""2026-09-15""},""student_id"":""89cf4a6e-fd34-54d0-bfc5-d3c82266bae9"",""group_id"":""5b494bb7-822c-57cb-8c65-070161a0f04b"",""source"":""subscription"",""package_id"":""06e33fe0-be65-5629-b866-d296c83bd7e3""}"
160;2026-09-15T14:05:00Z;LessonCharged;1;;"{""lesson"":{""rule_id"":""7444ed85-c10e-5118-bdc9-be814a7409d5"",""date"":""2026-09-15""},""student_id"":""7d6bffcb-8d38-5f89-992f-564d26662c15"",""group_id"":""5b494bb7-822c-57cb-8c65-070161a0f04b"",""source"":""balance"",""amount"":200}"
161;2026-09-16T06:00:00Z;SubscriptionPurchased;1;6875fd06-5180-5ff5-9da4-567dc52fa1bb;"{""package_id"":""7139aa55-4d72-5466-afc5-2bef0ebb7176"",""student_id"":""d1ce05b7-f8ae-5f4b-aeaa-ff8b3cebd216"",""group_id"":""794cf4d5-9178-5aca-9d06-6a452c9afb15"",""lessons"":8,""amount"":1000}"
162;2026-09-16T15:05:00Z;AttendanceMarked;1;6875fd06-5180-5ff5-9da4-567dc52fa1bb;"{""lesson"":{""rule_id"":""9450fe1b-c0fa-57ac-a4fc-dd690e8add8a"",""date"":""2026-09-16""},""present"":[""27fc65f1-6050-5372-8d87-dd1b8c137e8c"",""ce5a8788-5da9-543d-ab0f-f6cb7670abcf"",""a0c8cfa9-e03b-5578-816a-96aa6ec4f1ab"",""d1ce05b7-f8ae-5f4b-aeaa-ff8b3cebd216"",""1c31f32e-7590-5447-ac47-e79a6c581ac8"",""528b1ddb-9e02-5e10-8ce7-35ba9aa750fe"",""5d980a49-8b66-5d0c-a153-7386ee9e0235"",""44e3d344-11c6-517e-835f-c79dec381ec2""],""absent"":[]}"
163;2026-09-16T15:05:00Z;LessonCharged;1;;"{""lesson"":{""rule_id"":""9450fe1b-c0fa-57ac-a4fc-dd690e8add8a"",""date"":""2026-09-16""},""student_id"":""27fc65f1-6050-5372-8d87-dd1b8c137e8c"",""group_id"":""794cf4d5-9178-5aca-9d06-6a452c9afb15"",""source"":""balance"",""amount"":150}"
164;2026-09-16T15:05:00Z;LessonCharged;1;;"{""lesson"":{""rule_id"":""9450fe1b-c0fa-57ac-a4fc-dd690e8add8a"",""date"":""2026-09-16""},""student_id"":""ce5a8788-5da9-543d-ab0f-f6cb7670abcf"",""group_id"":""794cf4d5-9178-5aca-9d06-6a452c9afb15"",""source"":""balance"",""amount"":150}"
165;2026-09-16T15:05:00Z;LessonCharged;1;;"{""lesson"":{""rule_id"":""9450fe1b-c0fa-57ac-a4fc-dd690e8add8a"",""date"":""2026-09-16""},""student_id"":""a0c8cfa9-e03b-5578-816a-96aa6ec4f1ab"",""group_id"":""794cf4d5-9178-5aca-9d06-6a452c9afb15"",""source"":""subscription"",""package_id"":""3cd6af78-bb8a-5ea3-846b-5b7beadf30e8""}"
166;2026-09-16T15:05:00Z;LessonCharged;1;;"{""lesson"":{""rule_id"":""9450fe1b-c0fa-57ac-a4fc-dd690e8add8a"",""date"":""2026-09-16""},""student_id"":""d1ce05b7-f8ae-5f4b-aeaa-ff8b3cebd216"",""group_id"":""794cf4d5-9178-5aca-9d06-6a452c9afb15"",""source"":""subscription"",""package_id"":""7139aa55-4d72-5466-afc5-2bef0ebb7176""}"
167;2026-09-16T15:05:00Z;LessonCharged;1;;"{""lesson"":{""rule_id"":""9450fe1b-c0fa-57ac-a4fc-dd690e8add8a"",""date"":""2026-09-16""},""student_id"":""1c31f32e-7590-5447-ac47-e79a6c581ac8"",""group_id"":""794cf4d5-9178-5aca-9d06-6a452c9afb15"",""source"":""subscription"",""package_id"":""468adda6-398a-5d08-98fd-653539fdd728""}"
168;2026-09-16T15:05:00Z;LessonCharged;1;;"{""lesson"":{""rule_id"":""9450fe1b-c0fa-57ac-a4fc-dd690e8add8a"",""date"":""2026-09-16""},""student_id"":""528b1ddb-9e02-5e10-8ce7-35ba9aa750fe"",""group_id"":""794cf4d5-9178-5aca-9d06-6a452c9afb15"",""source"":""subscription"",""package_id"":""e44cddc4-bdb6-5906-beff-18e5a3687864""}"
169;2026-09-16T15:05:00Z;LessonCharged;1;;"{""lesson"":{""rule_id"":""9450fe1b-c0fa-57ac-a4fc-dd690e8add8a"",""date"":""2026-09-16""},""student_id"":""5d980a49-8b66-5d0c-a153-7386ee9e0235"",""group_id"":""794cf4d5-9178-5aca-9d06-6a452c9afb15"",""source"":""balance"",""amount"":150}"
170;2026-09-16T15:05:00Z;LessonCharged;1;;"{""lesson"":{""rule_id"":""9450fe1b-c0fa-57ac-a4fc-dd690e8add8a"",""date"":""2026-09-16""},""student_id"":""44e3d344-11c6-517e-835f-c79dec381ec2"",""group_id"":""794cf4d5-9178-5aca-9d06-6a452c9afb15"",""source"":""balance"",""amount"":150}"
171;2026-09-17T14:05:00Z;AttendanceMarked;1;ee9ba8d1-1ca0-58e5-b6cf-24d8e3608fdf;"{""lesson"":{""rule_id"":""648baf23-c6e9-5498-a0b4-82f42a6113c3"",""date"":""2026-09-17""},""present"":[""0006cf50-7ad3-5598-aa00-250c7209dc34"",""ad739756-d4b6-57da-bf88-2d7e8024e33c"",""93a3706c-d9ad-5ab3-bdc7-61174d1c50bf"",""89cf4a6e-fd34-54d0-bfc5-d3c82266bae9"",""7d6bffcb-8d38-5f89-992f-564d26662c15""],""absent"":[""27fc65f1-6050-5372-8d87-dd1b8c137e8c""]}"
172;2026-09-17T14:05:00Z;LessonCharged;1;;"{""lesson"":{""rule_id"":""648baf23-c6e9-5498-a0b4-82f42a6113c3"",""date"":""2026-09-17""},""student_id"":""0006cf50-7ad3-5598-aa00-250c7209dc34"",""group_id"":""5b494bb7-822c-57cb-8c65-070161a0f04b"",""source"":""subscription"",""package_id"":""7bfad37c-3c1c-518a-8837-e4a01f00e0d3""}"
173;2026-09-17T14:05:00Z;LessonCharged;1;;"{""lesson"":{""rule_id"":""648baf23-c6e9-5498-a0b4-82f42a6113c3"",""date"":""2026-09-17""},""student_id"":""ad739756-d4b6-57da-bf88-2d7e8024e33c"",""group_id"":""5b494bb7-822c-57cb-8c65-070161a0f04b"",""source"":""subscription"",""package_id"":""3f67acda-0492-55a3-8390-ef4c2bc0dd38""}"
174;2026-09-17T14:05:00Z;LessonCharged;1;;"{""lesson"":{""rule_id"":""648baf23-c6e9-5498-a0b4-82f42a6113c3"",""date"":""2026-09-17""},""student_id"":""93a3706c-d9ad-5ab3-bdc7-61174d1c50bf"",""group_id"":""5b494bb7-822c-57cb-8c65-070161a0f04b"",""source"":""balance"",""amount"":200}"
175;2026-09-17T14:05:00Z;LessonCharged;1;;"{""lesson"":{""rule_id"":""648baf23-c6e9-5498-a0b4-82f42a6113c3"",""date"":""2026-09-17""},""student_id"":""89cf4a6e-fd34-54d0-bfc5-d3c82266bae9"",""group_id"":""5b494bb7-822c-57cb-8c65-070161a0f04b"",""source"":""subscription"",""package_id"":""06e33fe0-be65-5629-b866-d296c83bd7e3""}"
176;2026-09-17T14:05:00Z;LessonCharged;1;;"{""lesson"":{""rule_id"":""648baf23-c6e9-5498-a0b4-82f42a6113c3"",""date"":""2026-09-17""},""student_id"":""7d6bffcb-8d38-5f89-992f-564d26662c15"",""group_id"":""5b494bb7-822c-57cb-8c65-070161a0f04b"",""source"":""balance"",""amount"":200}"
177;2026-09-19T08:05:00Z;AttendanceMarked;1;6875fd06-5180-5ff5-9da4-567dc52fa1bb;"{""lesson"":{""rule_id"":""c146fe40-9e09-5afb-b7ed-6f051292fe49"",""date"":""2026-09-19""},""present"":[""ce5a8788-5da9-543d-ab0f-f6cb7670abcf"",""d1ce05b7-f8ae-5f4b-aeaa-ff8b3cebd216"",""528b1ddb-9e02-5e10-8ce7-35ba9aa750fe"",""0006cf50-7ad3-5598-aa00-250c7209dc34"",""859e7465-f9cd-5da1-8d90-df6d75116798""],""absent"":[""18ac545a-b1bc-5c2a-a0e4-753e7d744d27""]}"
178;2026-09-19T08:05:00Z;LessonCharged;1;;"{""lesson"":{""rule_id"":""c146fe40-9e09-5afb-b7ed-6f051292fe49"",""date"":""2026-09-19""},""student_id"":""ce5a8788-5da9-543d-ab0f-f6cb7670abcf"",""group_id"":""e4127917-93c8-506a-92a9-f69dc3ecad2b"",""source"":""balance"",""amount"":120}"
179;2026-09-19T08:05:00Z;LessonCharged;1;;"{""lesson"":{""rule_id"":""c146fe40-9e09-5afb-b7ed-6f051292fe49"",""date"":""2026-09-19""},""student_id"":""d1ce05b7-f8ae-5f4b-aeaa-ff8b3cebd216"",""group_id"":""e4127917-93c8-506a-92a9-f69dc3ecad2b"",""source"":""balance"",""amount"":120}"
180;2026-09-19T08:05:00Z;LessonCharged;1;;"{""lesson"":{""rule_id"":""c146fe40-9e09-5afb-b7ed-6f051292fe49"",""date"":""2026-09-19""},""student_id"":""528b1ddb-9e02-5e10-8ce7-35ba9aa750fe"",""group_id"":""e4127917-93c8-506a-92a9-f69dc3ecad2b"",""source"":""balance"",""amount"":120}"
181;2026-09-19T08:05:00Z;LessonCharged;1;;"{""lesson"":{""rule_id"":""c146fe40-9e09-5afb-b7ed-6f051292fe49"",""date"":""2026-09-19""},""student_id"":""0006cf50-7ad3-5598-aa00-250c7209dc34"",""group_id"":""e4127917-93c8-506a-92a9-f69dc3ecad2b"",""source"":""balance"",""amount"":120}"
182;2026-09-19T08:05:00Z;LessonCharged;1;;"{""lesson"":{""rule_id"":""c146fe40-9e09-5afb-b7ed-6f051292fe49"",""date"":""2026-09-19""},""student_id"":""859e7465-f9cd-5da1-8d90-df6d75116798"",""group_id"":""e4127917-93c8-506a-92a9-f69dc3ecad2b"",""source"":""balance"",""amount"":120}"
183;2026-09-21T15:05:00Z;AttendanceMarked;1;6875fd06-5180-5ff5-9da4-567dc52fa1bb;"{""lesson"":{""rule_id"":""623aeda4-4ce5-5635-93fb-81ae22ed2f1c"",""date"":""2026-09-21""},""present"":[""27fc65f1-6050-5372-8d87-dd1b8c137e8c"",""ce5a8788-5da9-543d-ab0f-f6cb7670abcf"",""d1ce05b7-f8ae-5f4b-aeaa-ff8b3cebd216"",""1c31f32e-7590-5447-ac47-e79a6c581ac8"",""528b1ddb-9e02-5e10-8ce7-35ba9aa750fe"",""5d980a49-8b66-5d0c-a153-7386ee9e0235"",""44e3d344-11c6-517e-835f-c79dec381ec2""],""absent"":[""a0c8cfa9-e03b-5578-816a-96aa6ec4f1ab""]}"
184;2026-09-21T15:05:00Z;LessonCharged;1;;"{""lesson"":{""rule_id"":""623aeda4-4ce5-5635-93fb-81ae22ed2f1c"",""date"":""2026-09-21""},""student_id"":""27fc65f1-6050-5372-8d87-dd1b8c137e8c"",""group_id"":""794cf4d5-9178-5aca-9d06-6a452c9afb15"",""source"":""balance"",""amount"":150}"
185;2026-09-21T15:05:00Z;LessonCharged;1;;"{""lesson"":{""rule_id"":""623aeda4-4ce5-5635-93fb-81ae22ed2f1c"",""date"":""2026-09-21""},""student_id"":""ce5a8788-5da9-543d-ab0f-f6cb7670abcf"",""group_id"":""794cf4d5-9178-5aca-9d06-6a452c9afb15"",""source"":""balance"",""amount"":150}"
186;2026-09-21T15:05:00Z;LessonCharged;1;;"{""lesson"":{""rule_id"":""623aeda4-4ce5-5635-93fb-81ae22ed2f1c"",""date"":""2026-09-21""},""student_id"":""d1ce05b7-f8ae-5f4b-aeaa-ff8b3cebd216"",""group_id"":""794cf4d5-9178-5aca-9d06-6a452c9afb15"",""source"":""subscription"",""package_id"":""7139aa55-4d72-5466-afc5-2bef0ebb7176""}"
187;2026-09-21T15:05:00Z;LessonCharged;1;;"{""lesson"":{""rule_id"":""623aeda4-4ce5-5635-93fb-81ae22ed2f1c"",""date"":""2026-09-21""},""student_id"":""1c31f32e-7590-5447-ac47-e79a6c581ac8"",""group_id"":""794cf4d5-9178-5aca-9d06-6a452c9afb15"",""source"":""subscription"",""package_id"":""468adda6-398a-5d08-98fd-653539fdd728""}"
188;2026-09-21T15:05:00Z;LessonCharged;1;;"{""lesson"":{""rule_id"":""623aeda4-4ce5-5635-93fb-81ae22ed2f1c"",""date"":""2026-09-21""},""student_id"":""528b1ddb-9e02-5e10-8ce7-35ba9aa750fe"",""group_id"":""794cf4d5-9178-5aca-9d06-6a452c9afb15"",""source"":""subscription"",""package_id"":""e44cddc4-bdb6-5906-beff-18e5a3687864""}"
189;2026-09-21T15:05:00Z;LessonCharged;1;;"{""lesson"":{""rule_id"":""623aeda4-4ce5-5635-93fb-81ae22ed2f1c"",""date"":""2026-09-21""},""student_id"":""5d980a49-8b66-5d0c-a153-7386ee9e0235"",""group_id"":""794cf4d5-9178-5aca-9d06-6a452c9afb15"",""source"":""balance"",""amount"":150}"
190;2026-09-21T15:05:00Z;LessonCharged;1;;"{""lesson"":{""rule_id"":""623aeda4-4ce5-5635-93fb-81ae22ed2f1c"",""date"":""2026-09-21""},""student_id"":""44e3d344-11c6-517e-835f-c79dec381ec2"",""group_id"":""794cf4d5-9178-5aca-9d06-6a452c9afb15"",""source"":""balance"",""amount"":150}"
191;2026-09-22T14:05:00Z;AttendanceMarked;1;ee9ba8d1-1ca0-58e5-b6cf-24d8e3608fdf;"{""lesson"":{""rule_id"":""7444ed85-c10e-5118-bdc9-be814a7409d5"",""date"":""2026-09-22""},""present"":[""27fc65f1-6050-5372-8d87-dd1b8c137e8c"",""0006cf50-7ad3-5598-aa00-250c7209dc34"",""ad739756-d4b6-57da-bf88-2d7e8024e33c"",""93a3706c-d9ad-5ab3-bdc7-61174d1c50bf"",""89cf4a6e-fd34-54d0-bfc5-d3c82266bae9"",""7d6bffcb-8d38-5f89-992f-564d26662c15""],""absent"":[]}"
192;2026-09-22T14:05:00Z;LessonCharged;1;;"{""lesson"":{""rule_id"":""7444ed85-c10e-5118-bdc9-be814a7409d5"",""date"":""2026-09-22""},""student_id"":""27fc65f1-6050-5372-8d87-dd1b8c137e8c"",""group_id"":""5b494bb7-822c-57cb-8c65-070161a0f04b"",""source"":""balance"",""amount"":200}"
193;2026-09-22T14:05:00Z;LessonCharged;1;;"{""lesson"":{""rule_id"":""7444ed85-c10e-5118-bdc9-be814a7409d5"",""date"":""2026-09-22""},""student_id"":""0006cf50-7ad3-5598-aa00-250c7209dc34"",""group_id"":""5b494bb7-822c-57cb-8c65-070161a0f04b"",""source"":""subscription"",""package_id"":""7bfad37c-3c1c-518a-8837-e4a01f00e0d3""}"
194;2026-09-22T14:05:00Z;LessonCharged;1;;"{""lesson"":{""rule_id"":""7444ed85-c10e-5118-bdc9-be814a7409d5"",""date"":""2026-09-22""},""student_id"":""ad739756-d4b6-57da-bf88-2d7e8024e33c"",""group_id"":""5b494bb7-822c-57cb-8c65-070161a0f04b"",""source"":""subscription"",""package_id"":""3f67acda-0492-55a3-8390-ef4c2bc0dd38""}"
195;2026-09-22T14:05:00Z;LessonCharged;1;;"{""lesson"":{""rule_id"":""7444ed85-c10e-5118-bdc9-be814a7409d5"",""date"":""2026-09-22""},""student_id"":""93a3706c-d9ad-5ab3-bdc7-61174d1c50bf"",""group_id"":""5b494bb7-822c-57cb-8c65-070161a0f04b"",""source"":""balance"",""amount"":200}"
196;2026-09-22T14:05:00Z;LessonCharged;1;;"{""lesson"":{""rule_id"":""7444ed85-c10e-5118-bdc9-be814a7409d5"",""date"":""2026-09-22""},""student_id"":""89cf4a6e-fd34-54d0-bfc5-d3c82266bae9"",""group_id"":""5b494bb7-822c-57cb-8c65-070161a0f04b"",""source"":""subscription"",""package_id"":""06e33fe0-be65-5629-b866-d296c83bd7e3""}"
197;2026-09-22T14:05:00Z;LessonCharged;1;;"{""lesson"":{""rule_id"":""7444ed85-c10e-5118-bdc9-be814a7409d5"",""date"":""2026-09-22""},""student_id"":""7d6bffcb-8d38-5f89-992f-564d26662c15"",""group_id"":""5b494bb7-822c-57cb-8c65-070161a0f04b"",""source"":""balance"",""amount"":200}"
198;2026-09-23T15:05:00Z;AttendanceMarked;1;6875fd06-5180-5ff5-9da4-567dc52fa1bb;"{""lesson"":{""rule_id"":""9450fe1b-c0fa-57ac-a4fc-dd690e8add8a"",""date"":""2026-09-23""},""present"":[""27fc65f1-6050-5372-8d87-dd1b8c137e8c"",""ce5a8788-5da9-543d-ab0f-f6cb7670abcf"",""a0c8cfa9-e03b-5578-816a-96aa6ec4f1ab"",""d1ce05b7-f8ae-5f4b-aeaa-ff8b3cebd216"",""1c31f32e-7590-5447-ac47-e79a6c581ac8"",""528b1ddb-9e02-5e10-8ce7-35ba9aa750fe"",""5d980a49-8b66-5d0c-a153-7386ee9e0235"",""44e3d344-11c6-517e-835f-c79dec381ec2""],""absent"":[]}"
199;2026-09-23T15:05:00Z;LessonCharged;1;;"{""lesson"":{""rule_id"":""9450fe1b-c0fa-57ac-a4fc-dd690e8add8a"",""date"":""2026-09-23""},""student_id"":""27fc65f1-6050-5372-8d87-dd1b8c137e8c"",""group_id"":""794cf4d5-9178-5aca-9d06-6a452c9afb15"",""source"":""balance"",""amount"":150}"
200;2026-09-23T15:05:00Z;LessonCharged;1;;"{""lesson"":{""rule_id"":""9450fe1b-c0fa-57ac-a4fc-dd690e8add8a"",""date"":""2026-09-23""},""student_id"":""ce5a8788-5da9-543d-ab0f-f6cb7670abcf"",""group_id"":""794cf4d5-9178-5aca-9d06-6a452c9afb15"",""source"":""balance"",""amount"":150}"
201;2026-09-23T15:05:00Z;LessonCharged;1;;"{""lesson"":{""rule_id"":""9450fe1b-c0fa-57ac-a4fc-dd690e8add8a"",""date"":""2026-09-23""},""student_id"":""a0c8cfa9-e03b-5578-816a-96aa6ec4f1ab"",""group_id"":""794cf4d5-9178-5aca-9d06-6a452c9afb15"",""source"":""subscription"",""package_id"":""3cd6af78-bb8a-5ea3-846b-5b7beadf30e8""}"
202;2026-09-23T15:05:00Z;LessonCharged;1;;"{""lesson"":{""rule_id"":""9450fe1b-c0fa-57ac-a4fc-dd690e8add8a"",""date"":""2026-09-23""},""student_id"":""d1ce05b7-f8ae-5f4b-aeaa-ff8b3cebd216"",""group_id"":""794cf4d5-9178-5aca-9d06-6a452c9afb15"",""source"":""subscription"",""package_id"":""7139aa55-4d72-5466-afc5-2bef0ebb7176""}"
203;2026-09-23T15:05:00Z;LessonCharged;1;;"{""lesson"":{""rule_id"":""9450fe1b-c0fa-57ac-a4fc-dd690e8add8a"",""date"":""2026-09-23""},""student_id"":""1c31f32e-7590-5447-ac47-e79a6c581ac8"",""group_id"":""794cf4d5-9178-5aca-9d06-6a452c9afb15"",""source"":""subscription"",""package_id"":""468adda6-398a-5d08-98fd-653539fdd728""}"
204;2026-09-23T15:05:00Z;LessonCharged;1;;"{""lesson"":{""rule_id"":""9450fe1b-c0fa-57ac-a4fc-dd690e8add8a"",""date"":""2026-09-23""},""student_id"":""528b1ddb-9e02-5e10-8ce7-35ba9aa750fe"",""group_id"":""794cf4d5-9178-5aca-9d06-6a452c9afb15"",""source"":""subscription"",""package_id"":""e44cddc4-bdb6-5906-beff-18e5a3687864""}"
205;2026-09-23T15:05:00Z;LessonCharged;1;;"{""lesson"":{""rule_id"":""9450fe1b-c0fa-57ac-a4fc-dd690e8add8a"",""date"":""2026-09-23""},""student_id"":""5d980a49-8b66-5d0c-a153-7386ee9e0235"",""group_id"":""794cf4d5-9178-5aca-9d06-6a452c9afb15"",""source"":""balance"",""amount"":150}"
206;2026-09-23T15:05:00Z;LessonCharged;1;;"{""lesson"":{""rule_id"":""9450fe1b-c0fa-57ac-a4fc-dd690e8add8a"",""date"":""2026-09-23""},""student_id"":""44e3d344-11c6-517e-835f-c79dec381ec2"",""group_id"":""794cf4d5-9178-5aca-9d06-6a452c9afb15"",""source"":""balance"",""amount"":150}"
207;2026-09-24T06:00:00Z;SubscriptionPurchased;1;6875fd06-5180-5ff5-9da4-567dc52fa1bb;"{""package_id"":""617cd0ca-dc22-5dc2-af92-1f1113d8eca5"",""student_id"":""ad739756-d4b6-57da-bf88-2d7e8024e33c"",""group_id"":""5b494bb7-822c-57cb-8c65-070161a0f04b"",""lessons"":8,""amount"":1400}"
208;2026-09-24T14:05:00Z;AttendanceMarked;1;ee9ba8d1-1ca0-58e5-b6cf-24d8e3608fdf;"{""lesson"":{""rule_id"":""648baf23-c6e9-5498-a0b4-82f42a6113c3"",""date"":""2026-09-24""},""present"":[""27fc65f1-6050-5372-8d87-dd1b8c137e8c"",""0006cf50-7ad3-5598-aa00-250c7209dc34"",""ad739756-d4b6-57da-bf88-2d7e8024e33c"",""93a3706c-d9ad-5ab3-bdc7-61174d1c50bf"",""89cf4a6e-fd34-54d0-bfc5-d3c82266bae9""],""absent"":[""7d6bffcb-8d38-5f89-992f-564d26662c15""]}"
209;2026-09-24T14:05:00Z;LessonCharged;1;;"{""lesson"":{""rule_id"":""648baf23-c6e9-5498-a0b4-82f42a6113c3"",""date"":""2026-09-24""},""student_id"":""27fc65f1-6050-5372-8d87-dd1b8c137e8c"",""group_id"":""5b494bb7-822c-57cb-8c65-070161a0f04b"",""source"":""balance"",""amount"":200}"
210;2026-09-24T14:05:00Z;LessonCharged;1;;"{""lesson"":{""rule_id"":""648baf23-c6e9-5498-a0b4-82f42a6113c3"",""date"":""2026-09-24""},""student_id"":""0006cf50-7ad3-5598-aa00-250c7209dc34"",""group_id"":""5b494bb7-822c-57cb-8c65-070161a0f04b"",""source"":""subscription"",""package_id"":""7bfad37c-3c1c-518a-8837-e4a01f00e0d3""}"
211;2026-09-24T14:05:00Z;LessonCharged;1;;"{""lesson"":{""rule_id"":""648baf23-c6e9-5498-a0b4-82f42a6113c3"",""date"":""2026-09-24""},""student_id"":""ad739756-d4b6-57da-bf88-2d7e8024e33c"",""group_id"":""5b494bb7-822c-57cb-8c65-070161a0f04b"",""source"":""subscription"",""package_id"":""3f67acda-0492-55a3-8390-ef4c2bc0dd38""}"
212;2026-09-24T14:05:00Z;LessonCharged;1;;"{""lesson"":{""rule_id"":""648baf23-c6e9-5498-a0b4-82f42a6113c3"",""date"":""2026-09-24""},""student_id"":""93a3706c-d9ad-5ab3-bdc7-61174d1c50bf"",""group_id"":""5b494bb7-822c-57cb-8c65-070161a0f04b"",""source"":""balance"",""amount"":200}"
213;2026-09-24T14:05:00Z;LessonCharged;1;;"{""lesson"":{""rule_id"":""648baf23-c6e9-5498-a0b4-82f42a6113c3"",""date"":""2026-09-24""},""student_id"":""89cf4a6e-fd34-54d0-bfc5-d3c82266bae9"",""group_id"":""5b494bb7-822c-57cb-8c65-070161a0f04b"",""source"":""subscription"",""package_id"":""06e33fe0-be65-5629-b866-d296c83bd7e3""}"
214;2026-09-25T06:00:00Z;SubscriptionPurchased;1;6875fd06-5180-5ff5-9da4-567dc52fa1bb;"{""package_id"":""c239251e-bf7c-5010-b665-26a0cbfc5a83"",""student_id"":""89cf4a6e-fd34-54d0-bfc5-d3c82266bae9"",""group_id"":""5b494bb7-822c-57cb-8c65-070161a0f04b"",""lessons"":8,""amount"":1400}"
215;2026-09-25T10:05:00Z;AttendanceCorrected;1;ee9ba8d1-1ca0-58e5-b6cf-24d8e3608fdf;"{""lesson"":{""rule_id"":""648baf23-c6e9-5498-a0b4-82f42a6113c3"",""date"":""2026-09-24""},""student_id"":""7d6bffcb-8d38-5f89-992f-564d26662c15"",""present"":true}"
216;2026-09-25T10:06:00Z;LessonCharged;1;;"{""lesson"":{""rule_id"":""648baf23-c6e9-5498-a0b4-82f42a6113c3"",""date"":""2026-09-24""},""student_id"":""7d6bffcb-8d38-5f89-992f-564d26662c15"",""group_id"":""5b494bb7-822c-57cb-8c65-070161a0f04b"",""source"":""balance"",""amount"":200}"
217;2026-09-26T08:05:00Z;AttendanceMarked;1;6875fd06-5180-5ff5-9da4-567dc52fa1bb;"{""lesson"":{""rule_id"":""c146fe40-9e09-5afb-b7ed-6f051292fe49"",""date"":""2026-09-26""},""present"":[""ce5a8788-5da9-543d-ab0f-f6cb7670abcf"",""d1ce05b7-f8ae-5f4b-aeaa-ff8b3cebd216"",""528b1ddb-9e02-5e10-8ce7-35ba9aa750fe"",""0006cf50-7ad3-5598-aa00-250c7209dc34"",""18ac545a-b1bc-5c2a-a0e4-753e7d744d27"",""859e7465-f9cd-5da1-8d90-df6d75116798""],""absent"":[]}"
218;2026-09-26T08:05:00Z;LessonCharged;1;;"{""lesson"":{""rule_id"":""c146fe40-9e09-5afb-b7ed-6f051292fe49"",""date"":""2026-09-26""},""student_id"":""ce5a8788-5da9-543d-ab0f-f6cb7670abcf"",""group_id"":""e4127917-93c8-506a-92a9-f69dc3ecad2b"",""source"":""balance"",""amount"":120}"
219;2026-09-26T08:05:00Z;LessonCharged;1;;"{""lesson"":{""rule_id"":""c146fe40-9e09-5afb-b7ed-6f051292fe49"",""date"":""2026-09-26""},""student_id"":""d1ce05b7-f8ae-5f4b-aeaa-ff8b3cebd216"",""group_id"":""e4127917-93c8-506a-92a9-f69dc3ecad2b"",""source"":""balance"",""amount"":120}"
220;2026-09-26T08:05:00Z;LessonCharged;1;;"{""lesson"":{""rule_id"":""c146fe40-9e09-5afb-b7ed-6f051292fe49"",""date"":""2026-09-26""},""student_id"":""528b1ddb-9e02-5e10-8ce7-35ba9aa750fe"",""group_id"":""e4127917-93c8-506a-92a9-f69dc3ecad2b"",""source"":""balance"",""amount"":120}"
221;2026-09-26T08:05:00Z;LessonCharged;1;;"{""lesson"":{""rule_id"":""c146fe40-9e09-5afb-b7ed-6f051292fe49"",""date"":""2026-09-26""},""student_id"":""0006cf50-7ad3-5598-aa00-250c7209dc34"",""group_id"":""e4127917-93c8-506a-92a9-f69dc3ecad2b"",""source"":""balance"",""amount"":120}"
222;2026-09-26T08:05:00Z;LessonCharged;1;;"{""lesson"":{""rule_id"":""c146fe40-9e09-5afb-b7ed-6f051292fe49"",""date"":""2026-09-26""},""student_id"":""18ac545a-b1bc-5c2a-a0e4-753e7d744d27"",""group_id"":""e4127917-93c8-506a-92a9-f69dc3ecad2b"",""source"":""balance"",""amount"":120}"
223;2026-09-26T08:05:00Z;LessonCharged;1;;"{""lesson"":{""rule_id"":""c146fe40-9e09-5afb-b7ed-6f051292fe49"",""date"":""2026-09-26""},""student_id"":""859e7465-f9cd-5da1-8d90-df6d75116798"",""group_id"":""e4127917-93c8-506a-92a9-f69dc3ecad2b"",""source"":""balance"",""amount"":120}"
224;2026-09-28T15:05:00Z;AttendanceMarked;1;6875fd06-5180-5ff5-9da4-567dc52fa1bb;"{""lesson"":{""rule_id"":""623aeda4-4ce5-5635-93fb-81ae22ed2f1c"",""date"":""2026-09-28""},""present"":[""27fc65f1-6050-5372-8d87-dd1b8c137e8c"",""ce5a8788-5da9-543d-ab0f-f6cb7670abcf"",""a0c8cfa9-e03b-5578-816a-96aa6ec4f1ab"",""d1ce05b7-f8ae-5f4b-aeaa-ff8b3cebd216"",""1c31f32e-7590-5447-ac47-e79a6c581ac8"",""528b1ddb-9e02-5e10-8ce7-35ba9aa750fe"",""5d980a49-8b66-5d0c-a153-7386ee9e0235"",""44e3d344-11c6-517e-835f-c79dec381ec2""],""absent"":[]}"
225;2026-09-28T15:05:00Z;LessonCharged;1;;"{""lesson"":{""rule_id"":""623aeda4-4ce5-5635-93fb-81ae22ed2f1c"",""date"":""2026-09-28""},""student_id"":""27fc65f1-6050-5372-8d87-dd1b8c137e8c"",""group_id"":""794cf4d5-9178-5aca-9d06-6a452c9afb15"",""source"":""balance"",""amount"":150}"
226;2026-09-28T15:05:00Z;LessonCharged;1;;"{""lesson"":{""rule_id"":""623aeda4-4ce5-5635-93fb-81ae22ed2f1c"",""date"":""2026-09-28""},""student_id"":""ce5a8788-5da9-543d-ab0f-f6cb7670abcf"",""group_id"":""794cf4d5-9178-5aca-9d06-6a452c9afb15"",""source"":""balance"",""amount"":150}"
227;2026-09-28T15:05:00Z;LessonCharged;1;;"{""lesson"":{""rule_id"":""623aeda4-4ce5-5635-93fb-81ae22ed2f1c"",""date"":""2026-09-28""},""student_id"":""a0c8cfa9-e03b-5578-816a-96aa6ec4f1ab"",""group_id"":""794cf4d5-9178-5aca-9d06-6a452c9afb15"",""source"":""subscription"",""package_id"":""3cd6af78-bb8a-5ea3-846b-5b7beadf30e8""}"
228;2026-09-28T15:05:00Z;LessonCharged;1;;"{""lesson"":{""rule_id"":""623aeda4-4ce5-5635-93fb-81ae22ed2f1c"",""date"":""2026-09-28""},""student_id"":""d1ce05b7-f8ae-5f4b-aeaa-ff8b3cebd216"",""group_id"":""794cf4d5-9178-5aca-9d06-6a452c9afb15"",""source"":""subscription"",""package_id"":""7139aa55-4d72-5466-afc5-2bef0ebb7176""}"
229;2026-09-28T15:05:00Z;LessonCharged;1;;"{""lesson"":{""rule_id"":""623aeda4-4ce5-5635-93fb-81ae22ed2f1c"",""date"":""2026-09-28""},""student_id"":""1c31f32e-7590-5447-ac47-e79a6c581ac8"",""group_id"":""794cf4d5-9178-5aca-9d06-6a452c9afb15"",""source"":""subscription"",""package_id"":""468adda6-398a-5d08-98fd-653539fdd728""}"
230;2026-09-28T15:05:00Z;LessonCharged;1;;"{""lesson"":{""rule_id"":""623aeda4-4ce5-5635-93fb-81ae22ed2f1c"",""date"":""2026-09-28""},""student_id"":""528b1ddb-9e02-5e10-8ce7-35ba9aa750fe"",""group_id"":""794cf4d5-9178-5aca-9d06-6a452c9afb15"",""source"":""subscription"",""package_id"":""e44cddc4-bdb6-5906-beff-18e5a3687864""}"
231;2026-09-28T15:05:00Z;LessonCharged;1;;"{""lesson"":{""rule_id"":""623aeda4-4ce5-5635-93fb-81ae22ed2f1c"",""date"":""2026-09-28""},""student_id"":""5d980a49-8b66-5d0c-a153-7386ee9e0235"",""group_id"":""794cf4d5-9178-5aca-9d06-6a452c9afb15"",""source"":""balance"",""amount"":150}"
232;2026-09-28T15:05:00Z;LessonCharged;1;;"{""lesson"":{""rule_id"":""623aeda4-4ce5-5635-93fb-81ae22ed2f1c"",""date"":""2026-09-28""},""student_id"":""44e3d344-11c6-517e-835f-c79dec381ec2"",""group_id"":""794cf4d5-9178-5aca-9d06-6a452c9afb15"",""source"":""balance"",""amount"":150}"
233;2026-09-28T15:30:00Z;PaymentRecorded;1;6875fd06-5180-5ff5-9da4-567dc52fa1bb;"{""payment_id"":""17e4a847-51c0-5878-95f4-f5014448b965"",""student_id"":""7d6bffcb-8d38-5f89-992f-564d26662c15"",""amount"":1300}"
234;2026-09-28T15:30:00Z;PaymentRecorded;1;9a4ab382-7955-591d-9e60-dd4aa681c1a5;"{""payment_id"":""ec3b3c16-b487-5f76-9b16-2fe630d2e797"",""student_id"":""528b1ddb-9e02-5e10-8ce7-35ba9aa750fe"",""amount"":450}"
235;2026-09-28T15:30:00Z;PaymentRecorded;1;9a4ab382-7955-591d-9e60-dd4aa681c1a5;"{""payment_id"":""2b85733d-6d83-540a-bb50-1b50e14c84ec"",""student_id"":""5d980a49-8b66-5d0c-a153-7386ee9e0235"",""amount"":750}"
236;2026-09-28T15:30:00Z;PaymentRecorded;1;6875fd06-5180-5ff5-9da4-567dc52fa1bb;"{""payment_id"":""85d5c256-3a72-5917-93b5-9553f9206ade"",""student_id"":""27fc65f1-6050-5372-8d87-dd1b8c137e8c"",""amount"":1800}"
237;2026-09-28T15:30:00Z;PaymentRecorded;1;6875fd06-5180-5ff5-9da4-567dc52fa1bb;"{""payment_id"":""090f1467-fac0-5c8b-80fa-0d48fdf0183d"",""student_id"":""18ac545a-b1bc-5c2a-a0e4-753e7d744d27"",""amount"":240}"
238;2026-09-28T15:30:00Z;PaymentRecorded;1;6875fd06-5180-5ff5-9da4-567dc52fa1bb;"{""payment_id"":""df6f8143-adca-5859-b007-5cfd993906de"",""student_id"":""93a3706c-d9ad-5ab3-bdc7-61174d1c50bf"",""amount"":1100}"
239;2026-09-28T15:30:00Z;PaymentRecorded;1;6875fd06-5180-5ff5-9da4-567dc52fa1bb;"{""payment_id"":""a43c7b00-8491-5a78-baa9-e5d63f3bc1fd"",""student_id"":""1c31f32e-7590-5447-ac47-e79a6c581ac8"",""amount"":300}"
240;2026-09-28T15:30:00Z;PaymentRecorded;1;6875fd06-5180-5ff5-9da4-567dc52fa1bb;"{""payment_id"":""6bee96bb-ed9c-57f8-865f-939285a8beec"",""student_id"":""859e7465-f9cd-5da1-8d90-df6d75116798"",""amount"":300}"
241;2026-09-28T15:30:00Z;PaymentRecorded;1;6875fd06-5180-5ff5-9da4-567dc52fa1bb;"{""payment_id"":""0502e2d9-578a-5e09-ba97-36560db6b1ef"",""student_id"":""ce5a8788-5da9-543d-ab0f-f6cb7670abcf"",""amount"":1200}"
242;2026-09-28T15:30:00Z;PaymentRecorded;1;6875fd06-5180-5ff5-9da4-567dc52fa1bb;"{""payment_id"":""c428336a-6ae2-5dc4-ad46-c6268d060fc1"",""student_id"":""d1ce05b7-f8ae-5f4b-aeaa-ff8b3cebd216"",""amount"":600}"
243;2026-09-28T15:30:00Z;PaymentRecorded;1;6875fd06-5180-5ff5-9da4-567dc52fa1bb;"{""payment_id"":""3688175a-f60c-5bff-ad07-e03593fa9dbf"",""student_id"":""44e3d344-11c6-517e-835f-c79dec381ec2"",""amount"":680}"
244;2026-09-28T15:30:00Z;PaymentRecorded;1;6875fd06-5180-5ff5-9da4-567dc52fa1bb;"{""payment_id"":""07602e4a-183d-5575-890d-366d9dcc63eb"",""student_id"":""0006cf50-7ad3-5598-aa00-250c7209dc34"",""amount"":800}"
245;2026-09-29T14:05:00Z;AttendanceMarked;1;ee9ba8d1-1ca0-58e5-b6cf-24d8e3608fdf;"{""lesson"":{""rule_id"":""7444ed85-c10e-5118-bdc9-be814a7409d5"",""date"":""2026-09-29""},""present"":[""27fc65f1-6050-5372-8d87-dd1b8c137e8c"",""0006cf50-7ad3-5598-aa00-250c7209dc34"",""ad739756-d4b6-57da-bf88-2d7e8024e33c"",""93a3706c-d9ad-5ab3-bdc7-61174d1c50bf"",""89cf4a6e-fd34-54d0-bfc5-d3c82266bae9"",""7d6bffcb-8d38-5f89-992f-564d26662c15""],""absent"":[]}"
246;2026-09-29T14:05:00Z;LessonCharged;1;;"{""lesson"":{""rule_id"":""7444ed85-c10e-5118-bdc9-be814a7409d5"",""date"":""2026-09-29""},""student_id"":""27fc65f1-6050-5372-8d87-dd1b8c137e8c"",""group_id"":""5b494bb7-822c-57cb-8c65-070161a0f04b"",""source"":""balance"",""amount"":200}"
247;2026-09-29T14:05:00Z;LessonCharged;1;;"{""lesson"":{""rule_id"":""7444ed85-c10e-5118-bdc9-be814a7409d5"",""date"":""2026-09-29""},""student_id"":""0006cf50-7ad3-5598-aa00-250c7209dc34"",""group_id"":""5b494bb7-822c-57cb-8c65-070161a0f04b"",""source"":""balance"",""amount"":200}"
248;2026-09-29T14:05:00Z;LessonCharged;1;;"{""lesson"":{""rule_id"":""7444ed85-c10e-5118-bdc9-be814a7409d5"",""date"":""2026-09-29""},""student_id"":""ad739756-d4b6-57da-bf88-2d7e8024e33c"",""group_id"":""5b494bb7-822c-57cb-8c65-070161a0f04b"",""source"":""subscription"",""package_id"":""3f67acda-0492-55a3-8390-ef4c2bc0dd38""}"
249;2026-09-29T14:05:00Z;LessonCharged;1;;"{""lesson"":{""rule_id"":""7444ed85-c10e-5118-bdc9-be814a7409d5"",""date"":""2026-09-29""},""student_id"":""93a3706c-d9ad-5ab3-bdc7-61174d1c50bf"",""group_id"":""5b494bb7-822c-57cb-8c65-070161a0f04b"",""source"":""balance"",""amount"":200}"
250;2026-09-29T14:05:00Z;LessonCharged;1;;"{""lesson"":{""rule_id"":""7444ed85-c10e-5118-bdc9-be814a7409d5"",""date"":""2026-09-29""},""student_id"":""89cf4a6e-fd34-54d0-bfc5-d3c82266bae9"",""group_id"":""5b494bb7-822c-57cb-8c65-070161a0f04b"",""source"":""subscription"",""package_id"":""c239251e-bf7c-5010-b665-26a0cbfc5a83""}"
251;2026-09-29T14:05:00Z;LessonCharged;1;;"{""lesson"":{""rule_id"":""7444ed85-c10e-5118-bdc9-be814a7409d5"",""date"":""2026-09-29""},""student_id"":""7d6bffcb-8d38-5f89-992f-564d26662c15"",""group_id"":""5b494bb7-822c-57cb-8c65-070161a0f04b"",""source"":""balance"",""amount"":200}"
252;2026-09-30T06:00:00Z;SubscriptionPurchased;1;6875fd06-5180-5ff5-9da4-567dc52fa1bb;"{""package_id"":""09592216-434f-57bc-83ac-e24c37c61d6a"",""student_id"":""27fc65f1-6050-5372-8d87-dd1b8c137e8c"",""group_id"":""794cf4d5-9178-5aca-9d06-6a452c9afb15"",""lessons"":8,""amount"":1000}"
253;2026-09-30T15:05:00Z;AttendanceMarked;1;6875fd06-5180-5ff5-9da4-567dc52fa1bb;"{""lesson"":{""rule_id"":""9450fe1b-c0fa-57ac-a4fc-dd690e8add8a"",""date"":""2026-09-30""},""present"":[""27fc65f1-6050-5372-8d87-dd1b8c137e8c"",""ce5a8788-5da9-543d-ab0f-f6cb7670abcf"",""a0c8cfa9-e03b-5578-816a-96aa6ec4f1ab"",""d1ce05b7-f8ae-5f4b-aeaa-ff8b3cebd216"",""1c31f32e-7590-5447-ac47-e79a6c581ac8"",""528b1ddb-9e02-5e10-8ce7-35ba9aa750fe"",""5d980a49-8b66-5d0c-a153-7386ee9e0235""],""absent"":[""44e3d344-11c6-517e-835f-c79dec381ec2""]}"
254;2026-09-30T15:05:00Z;LessonCharged;1;;"{""lesson"":{""rule_id"":""9450fe1b-c0fa-57ac-a4fc-dd690e8add8a"",""date"":""2026-09-30""},""student_id"":""27fc65f1-6050-5372-8d87-dd1b8c137e8c"",""group_id"":""794cf4d5-9178-5aca-9d06-6a452c9afb15"",""source"":""subscription"",""package_id"":""09592216-434f-57bc-83ac-e24c37c61d6a""}"
255;2026-09-30T15:05:00Z;LessonCharged;1;;"{""lesson"":{""rule_id"":""9450fe1b-c0fa-57ac-a4fc-dd690e8add8a"",""date"":""2026-09-30""},""student_id"":""ce5a8788-5da9-543d-ab0f-f6cb7670abcf"",""group_id"":""794cf4d5-9178-5aca-9d06-6a452c9afb15"",""source"":""balance"",""amount"":150}"
256;2026-09-30T15:05:00Z;LessonCharged;1;;"{""lesson"":{""rule_id"":""9450fe1b-c0fa-57ac-a4fc-dd690e8add8a"",""date"":""2026-09-30""},""student_id"":""a0c8cfa9-e03b-5578-816a-96aa6ec4f1ab"",""group_id"":""794cf4d5-9178-5aca-9d06-6a452c9afb15"",""source"":""subscription"",""package_id"":""3cd6af78-bb8a-5ea3-846b-5b7beadf30e8""}"
257;2026-09-30T15:05:00Z;LessonCharged;1;;"{""lesson"":{""rule_id"":""9450fe1b-c0fa-57ac-a4fc-dd690e8add8a"",""date"":""2026-09-30""},""student_id"":""d1ce05b7-f8ae-5f4b-aeaa-ff8b3cebd216"",""group_id"":""794cf4d5-9178-5aca-9d06-6a452c9afb15"",""source"":""subscription"",""package_id"":""7139aa55-4d72-5466-afc5-2bef0ebb7176""}"
258;2026-09-30T15:05:00Z;LessonCharged;1;;"{""lesson"":{""rule_id"":""9450fe1b-c0fa-57ac-a4fc-dd690e8add8a"",""date"":""2026-09-30""},""student_id"":""1c31f32e-7590-5447-ac47-e79a6c581ac8"",""group_id"":""794cf4d5-9178-5aca-9d06-6a452c9afb15"",""source"":""subscription"",""package_id"":""468adda6-398a-5d08-98fd-653539fdd728""}"
259;2026-09-30T15:05:00Z;LessonCharged;1;;"{""lesson"":{""rule_id"":""9450fe1b-c0fa-57ac-a4fc-dd690e8add8a"",""date"":""2026-09-30""},""student_id"":""528b1ddb-9e02-5e10-8ce7-35ba9aa750fe"",""group_id"":""794cf4d5-9178-5aca-9d06-6a452c9afb15"",""source"":""subscription"",""package_id"":""e44cddc4-bdb6-5906-beff-18e5a3687864""}"
260;2026-09-30T15:05:00Z;LessonCharged;1;;"{""lesson"":{""rule_id"":""9450fe1b-c0fa-57ac-a4fc-dd690e8add8a"",""date"":""2026-09-30""},""student_id"":""5d980a49-8b66-5d0c-a153-7386ee9e0235"",""group_id"":""794cf4d5-9178-5aca-9d06-6a452c9afb15"",""source"":""balance"",""amount"":150}"
261;2026-10-01T14:05:00Z;AttendanceMarked;1;ee9ba8d1-1ca0-58e5-b6cf-24d8e3608fdf;"{""lesson"":{""rule_id"":""648baf23-c6e9-5498-a0b4-82f42a6113c3"",""date"":""2026-10-01""},""present"":[""27fc65f1-6050-5372-8d87-dd1b8c137e8c"",""0006cf50-7ad3-5598-aa00-250c7209dc34"",""ad739756-d4b6-57da-bf88-2d7e8024e33c"",""93a3706c-d9ad-5ab3-bdc7-61174d1c50bf"",""7d6bffcb-8d38-5f89-992f-564d26662c15""],""absent"":[""89cf4a6e-fd34-54d0-bfc5-d3c82266bae9""]}"
262;2026-10-01T14:05:00Z;LessonCharged;1;;"{""lesson"":{""rule_id"":""648baf23-c6e9-5498-a0b4-82f42a6113c3"",""date"":""2026-10-01""},""student_id"":""27fc65f1-6050-5372-8d87-dd1b8c137e8c"",""group_id"":""5b494bb7-822c-57cb-8c65-070161a0f04b"",""source"":""balance"",""amount"":200}"
263;2026-10-01T14:05:00Z;LessonCharged;1;;"{""lesson"":{""rule_id"":""648baf23-c6e9-5498-a0b4-82f42a6113c3"",""date"":""2026-10-01""},""student_id"":""0006cf50-7ad3-5598-aa00-250c7209dc34"",""group_id"":""5b494bb7-822c-57cb-8c65-070161a0f04b"",""source"":""balance"",""amount"":200}"
264;2026-10-01T14:05:00Z;LessonCharged;1;;"{""lesson"":{""rule_id"":""648baf23-c6e9-5498-a0b4-82f42a6113c3"",""date"":""2026-10-01""},""student_id"":""ad739756-d4b6-57da-bf88-2d7e8024e33c"",""group_id"":""5b494bb7-822c-57cb-8c65-070161a0f04b"",""source"":""subscription"",""package_id"":""617cd0ca-dc22-5dc2-af92-1f1113d8eca5""}"
265;2026-10-01T14:05:00Z;LessonCharged;1;;"{""lesson"":{""rule_id"":""648baf23-c6e9-5498-a0b4-82f42a6113c3"",""date"":""2026-10-01""},""student_id"":""93a3706c-d9ad-5ab3-bdc7-61174d1c50bf"",""group_id"":""5b494bb7-822c-57cb-8c65-070161a0f04b"",""source"":""balance"",""amount"":200}"
266;2026-10-01T14:05:00Z;LessonCharged;1;;"{""lesson"":{""rule_id"":""648baf23-c6e9-5498-a0b4-82f42a6113c3"",""date"":""2026-10-01""},""student_id"":""7d6bffcb-8d38-5f89-992f-564d26662c15"",""group_id"":""5b494bb7-822c-57cb-8c65-070161a0f04b"",""source"":""balance"",""amount"":200}"
267;2026-10-02T12:00:00Z;LessonRescheduled;1;6875fd06-5180-5ff5-9da4-567dc52fa1bb;"{""lesson"":{""rule_id"":""623aeda4-4ce5-5635-93fb-81ae22ed2f1c"",""date"":""2026-10-05""},""new_date"":""2026-10-06"",""new_start"":""17:00""}"
268;2026-10-02T15:20:00Z;PaymentRecorded;1;9a4ab382-7955-591d-9e60-dd4aa681c1a5;"{""payment_id"":""a7766651-49e3-538b-8c41-f7f4a0c5d8ea"",""student_id"":""5d980a49-8b66-5d0c-a153-7386ee9e0235"",""amount"":500}"
269;2026-10-02T15:32:00Z;PaymentCancelled;1;9a4ab382-7955-591d-9e60-dd4aa681c1a5;"{""payment_id"":""a7766651-49e3-538b-8c41-f7f4a0c5d8ea"",""reason"":""mistake""}"
270;2026-10-03T08:00:00Z;OneOffLessonAdded;1;ee9ba8d1-1ca0-58e5-b6cf-24d8e3608fdf;"{""one_off_id"":""2449dfee-43ce-5fde-853b-69f6b93e3e5b"",""group_id"":""5b494bb7-822c-57cb-8c65-070161a0f04b"",""date"":""2026-10-10"",""start"":""12:00"",""duration_min"":60}"
271;2026-10-03T08:05:00Z;AttendanceMarked;1;6875fd06-5180-5ff5-9da4-567dc52fa1bb;"{""lesson"":{""rule_id"":""c146fe40-9e09-5afb-b7ed-6f051292fe49"",""date"":""2026-10-03""},""present"":[""ce5a8788-5da9-543d-ab0f-f6cb7670abcf"",""d1ce05b7-f8ae-5f4b-aeaa-ff8b3cebd216"",""528b1ddb-9e02-5e10-8ce7-35ba9aa750fe"",""0006cf50-7ad3-5598-aa00-250c7209dc34"",""18ac545a-b1bc-5c2a-a0e4-753e7d744d27"",""859e7465-f9cd-5da1-8d90-df6d75116798""],""absent"":[]}"
272;2026-10-03T08:05:00Z;LessonCharged;1;;"{""lesson"":{""rule_id"":""c146fe40-9e09-5afb-b7ed-6f051292fe49"",""date"":""2026-10-03""},""student_id"":""ce5a8788-5da9-543d-ab0f-f6cb7670abcf"",""group_id"":""e4127917-93c8-506a-92a9-f69dc3ecad2b"",""source"":""balance"",""amount"":120}"
273;2026-10-03T08:05:00Z;LessonCharged;1;;"{""lesson"":{""rule_id"":""c146fe40-9e09-5afb-b7ed-6f051292fe49"",""date"":""2026-10-03""},""student_id"":""d1ce05b7-f8ae-5f4b-aeaa-ff8b3cebd216"",""group_id"":""e4127917-93c8-506a-92a9-f69dc3ecad2b"",""source"":""balance"",""amount"":120}"
274;2026-10-03T08:05:00Z;LessonCharged;1;;"{""lesson"":{""rule_id"":""c146fe40-9e09-5afb-b7ed-6f051292fe49"",""date"":""2026-10-03""},""student_id"":""528b1ddb-9e02-5e10-8ce7-35ba9aa750fe"",""group_id"":""e4127917-93c8-506a-92a9-f69dc3ecad2b"",""source"":""balance"",""amount"":120}"
275;2026-10-03T08:05:00Z;LessonCharged;1;;"{""lesson"":{""rule_id"":""c146fe40-9e09-5afb-b7ed-6f051292fe49"",""date"":""2026-10-03""},""student_id"":""0006cf50-7ad3-5598-aa00-250c7209dc34"",""group_id"":""e4127917-93c8-506a-92a9-f69dc3ecad2b"",""source"":""balance"",""amount"":120}"
276;2026-10-03T08:05:00Z;LessonCharged;1;;"{""lesson"":{""rule_id"":""c146fe40-9e09-5afb-b7ed-6f051292fe49"",""date"":""2026-10-03""},""student_id"":""18ac545a-b1bc-5c2a-a0e4-753e7d744d27"",""group_id"":""e4127917-93c8-506a-92a9-f69dc3ecad2b"",""source"":""balance"",""amount"":120}"
277;2026-10-03T08:05:00Z;LessonCharged;1;;"{""lesson"":{""rule_id"":""c146fe40-9e09-5afb-b7ed-6f051292fe49"",""date"":""2026-10-03""},""student_id"":""859e7465-f9cd-5da1-8d90-df6d75116798"",""group_id"":""e4127917-93c8-506a-92a9-f69dc3ecad2b"",""source"":""balance"",""amount"":120}"
278;2026-10-06T14:05:00Z;AttendanceMarked;1;ee9ba8d1-1ca0-58e5-b6cf-24d8e3608fdf;"{""lesson"":{""rule_id"":""7444ed85-c10e-5118-bdc9-be814a7409d5"",""date"":""2026-10-06""},""present"":[""27fc65f1-6050-5372-8d87-dd1b8c137e8c"",""0006cf50-7ad3-5598-aa00-250c7209dc34"",""ad739756-d4b6-57da-bf88-2d7e8024e33c"",""93a3706c-d9ad-5ab3-bdc7-61174d1c50bf"",""89cf4a6e-fd34-54d0-bfc5-d3c82266bae9"",""7d6bffcb-8d38-5f89-992f-564d26662c15""],""absent"":[]}"
279;2026-10-06T14:05:00Z;LessonCharged;1;;"{""lesson"":{""rule_id"":""7444ed85-c10e-5118-bdc9-be814a7409d5"",""date"":""2026-10-06""},""student_id"":""27fc65f1-6050-5372-8d87-dd1b8c137e8c"",""group_id"":""5b494bb7-822c-57cb-8c65-070161a0f04b"",""source"":""balance"",""amount"":200}"
280;2026-10-06T14:05:00Z;LessonCharged;1;;"{""lesson"":{""rule_id"":""7444ed85-c10e-5118-bdc9-be814a7409d5"",""date"":""2026-10-06""},""student_id"":""0006cf50-7ad3-5598-aa00-250c7209dc34"",""group_id"":""5b494bb7-822c-57cb-8c65-070161a0f04b"",""source"":""balance"",""amount"":200}"
281;2026-10-06T14:05:00Z;LessonCharged;1;;"{""lesson"":{""rule_id"":""7444ed85-c10e-5118-bdc9-be814a7409d5"",""date"":""2026-10-06""},""student_id"":""ad739756-d4b6-57da-bf88-2d7e8024e33c"",""group_id"":""5b494bb7-822c-57cb-8c65-070161a0f04b"",""source"":""subscription"",""package_id"":""617cd0ca-dc22-5dc2-af92-1f1113d8eca5""}"
282;2026-10-06T14:05:00Z;LessonCharged;1;;"{""lesson"":{""rule_id"":""7444ed85-c10e-5118-bdc9-be814a7409d5"",""date"":""2026-10-06""},""student_id"":""93a3706c-d9ad-5ab3-bdc7-61174d1c50bf"",""group_id"":""5b494bb7-822c-57cb-8c65-070161a0f04b"",""source"":""balance"",""amount"":200}"
283;2026-10-06T14:05:00Z;LessonCharged;1;;"{""lesson"":{""rule_id"":""7444ed85-c10e-5118-bdc9-be814a7409d5"",""date"":""2026-10-06""},""student_id"":""89cf4a6e-fd34-54d0-bfc5-d3c82266bae9"",""group_id"":""5b494bb7-822c-57cb-8c65-070161a0f04b"",""source"":""subscription"",""package_id"":""c239251e-bf7c-5010-b665-26a0cbfc5a83""}"
284;2026-10-06T14:05:00Z;LessonCharged;1;;"{""lesson"":{""rule_id"":""7444ed85-c10e-5118-bdc9-be814a7409d5"",""date"":""2026-10-06""},""student_id"":""7d6bffcb-8d38-5f89-992f-564d26662c15"",""group_id"":""5b494bb7-822c-57cb-8c65-070161a0f04b"",""source"":""balance"",""amount"":200}"
285;2026-10-06T15:05:00Z;AttendanceMarked;1;6875fd06-5180-5ff5-9da4-567dc52fa1bb;"{""lesson"":{""rule_id"":""623aeda4-4ce5-5635-93fb-81ae22ed2f1c"",""date"":""2026-10-05""},""present"":[""27fc65f1-6050-5372-8d87-dd1b8c137e8c"",""ce5a8788-5da9-543d-ab0f-f6cb7670abcf"",""a0c8cfa9-e03b-5578-816a-96aa6ec4f1ab"",""d1ce05b7-f8ae-5f4b-aeaa-ff8b3cebd216"",""1c31f32e-7590-5447-ac47-e79a6c581ac8"",""528b1ddb-9e02-5e10-8ce7-35ba9aa750fe"",""5d980a49-8b66-5d0c-a153-7386ee9e0235"",""44e3d344-11c6-517e-835f-c79dec381ec2""],""absent"":[]}"
286;2026-10-06T15:05:00Z;LessonCharged;1;;"{""lesson"":{""rule_id"":""623aeda4-4ce5-5635-93fb-81ae22ed2f1c"",""date"":""2026-10-05""},""student_id"":""27fc65f1-6050-5372-8d87-dd1b8c137e8c"",""group_id"":""794cf4d5-9178-5aca-9d06-6a452c9afb15"",""source"":""subscription"",""package_id"":""09592216-434f-57bc-83ac-e24c37c61d6a""}"
287;2026-10-06T15:05:00Z;LessonCharged;1;;"{""lesson"":{""rule_id"":""623aeda4-4ce5-5635-93fb-81ae22ed2f1c"",""date"":""2026-10-05""},""student_id"":""ce5a8788-5da9-543d-ab0f-f6cb7670abcf"",""group_id"":""794cf4d5-9178-5aca-9d06-6a452c9afb15"",""source"":""balance"",""amount"":150}"
288;2026-10-06T15:05:00Z;LessonCharged;1;;"{""lesson"":{""rule_id"":""623aeda4-4ce5-5635-93fb-81ae22ed2f1c"",""date"":""2026-10-05""},""student_id"":""a0c8cfa9-e03b-5578-816a-96aa6ec4f1ab"",""group_id"":""794cf4d5-9178-5aca-9d06-6a452c9afb15"",""source"":""balance"",""amount"":150}"
289;2026-10-06T15:05:00Z;LessonCharged;1;;"{""lesson"":{""rule_id"":""623aeda4-4ce5-5635-93fb-81ae22ed2f1c"",""date"":""2026-10-05""},""student_id"":""d1ce05b7-f8ae-5f4b-aeaa-ff8b3cebd216"",""group_id"":""794cf4d5-9178-5aca-9d06-6a452c9afb15"",""source"":""subscription"",""package_id"":""7139aa55-4d72-5466-afc5-2bef0ebb7176""}"
290;2026-10-06T15:05:00Z;LessonCharged;1;;"{""lesson"":{""rule_id"":""623aeda4-4ce5-5635-93fb-81ae22ed2f1c"",""date"":""2026-10-05""},""student_id"":""1c31f32e-7590-5447-ac47-e79a6c581ac8"",""group_id"":""794cf4d5-9178-5aca-9d06-6a452c9afb15"",""source"":""subscription"",""package_id"":""468adda6-398a-5d08-98fd-653539fdd728""}"
291;2026-10-06T15:05:00Z;LessonCharged;1;;"{""lesson"":{""rule_id"":""623aeda4-4ce5-5635-93fb-81ae22ed2f1c"",""date"":""2026-10-05""},""student_id"":""528b1ddb-9e02-5e10-8ce7-35ba9aa750fe"",""group_id"":""794cf4d5-9178-5aca-9d06-6a452c9afb15"",""source"":""balance"",""amount"":150}"
292;2026-10-06T15:05:00Z;LessonCharged;1;;"{""lesson"":{""rule_id"":""623aeda4-4ce5-5635-93fb-81ae22ed2f1c"",""date"":""2026-10-05""},""student_id"":""5d980a49-8b66-5d0c-a153-7386ee9e0235"",""group_id"":""794cf4d5-9178-5aca-9d06-6a452c9afb15"",""source"":""balance"",""amount"":150}"
293;2026-10-06T15:05:00Z;LessonCharged;1;;"{""lesson"":{""rule_id"":""623aeda4-4ce5-5635-93fb-81ae22ed2f1c"",""date"":""2026-10-05""},""student_id"":""44e3d344-11c6-517e-835f-c79dec381ec2"",""group_id"":""794cf4d5-9178-5aca-9d06-6a452c9afb15"",""source"":""balance"",""amount"":150}"
294;2026-10-07T15:05:00Z;AttendanceMarked;1;6875fd06-5180-5ff5-9da4-567dc52fa1bb;"{""lesson"":{""rule_id"":""9450fe1b-c0fa-57ac-a4fc-dd690e8add8a"",""date"":""2026-10-07""},""present"":[""27fc65f1-6050-5372-8d87-dd1b8c137e8c"",""a0c8cfa9-e03b-5578-816a-96aa6ec4f1ab"",""d1ce05b7-f8ae-5f4b-aeaa-ff8b3cebd216"",""1c31f32e-7590-5447-ac47-e79a6c581ac8"",""528b1ddb-9e02-5e10-8ce7-35ba9aa750fe"",""5d980a49-8b66-5d0c-a153-7386ee9e0235"",""44e3d344-11c6-517e-835f-c79dec381ec2""],""absent"":[""ce5a8788-5da9-543d-ab0f-f6cb7670abcf""]}"
295;2026-10-07T15:05:00Z;LessonCharged;1;;"{""lesson"":{""rule_id"":""9450fe1b-c0fa-57ac-a4fc-dd690e8add8a"",""date"":""2026-10-07""},""student_id"":""27fc65f1-6050-5372-8d87-dd1b8c137e8c"",""group_id"":""794cf4d5-9178-5aca-9d06-6a452c9afb15"",""source"":""subscription"",""package_id"":""09592216-434f-57bc-83ac-e24c37c61d6a""}"
296;2026-10-07T15:05:00Z;LessonCharged;1;;"{""lesson"":{""rule_id"":""9450fe1b-c0fa-57ac-a4fc-dd690e8add8a"",""date"":""2026-10-07""},""student_id"":""a0c8cfa9-e03b-5578-816a-96aa6ec4f1ab"",""group_id"":""794cf4d5-9178-5aca-9d06-6a452c9afb15"",""source"":""balance"",""amount"":150}"
297;2026-10-07T15:05:00Z;LessonCharged;1;;"{""lesson"":{""rule_id"":""9450fe1b-c0fa-57ac-a4fc-dd690e8add8a"",""date"":""2026-10-07""},""student_id"":""d1ce05b7-f8ae-5f4b-aeaa-ff8b3cebd216"",""group_id"":""794cf4d5-9178-5aca-9d06-6a452c9afb15"",""source"":""subscription"",""package_id"":""7139aa55-4d72-5466-afc5-2bef0ebb7176""}"
298;2026-10-07T15:05:00Z;LessonCharged;1;;"{""lesson"":{""rule_id"":""9450fe1b-c0fa-57ac-a4fc-dd690e8add8a"",""date"":""2026-10-07""},""student_id"":""1c31f32e-7590-5447-ac47-e79a6c581ac8"",""group_id"":""794cf4d5-9178-5aca-9d06-6a452c9afb15"",""source"":""subscription"",""package_id"":""468adda6-398a-5d08-98fd-653539fdd728""}"
299;2026-10-07T15:05:00Z;LessonCharged;1;;"{""lesson"":{""rule_id"":""9450fe1b-c0fa-57ac-a4fc-dd690e8add8a"",""date"":""2026-10-07""},""student_id"":""528b1ddb-9e02-5e10-8ce7-35ba9aa750fe"",""group_id"":""794cf4d5-9178-5aca-9d06-6a452c9afb15"",""source"":""balance"",""amount"":150}"
300;2026-10-07T15:05:00Z;LessonCharged;1;;"{""lesson"":{""rule_id"":""9450fe1b-c0fa-57ac-a4fc-dd690e8add8a"",""date"":""2026-10-07""},""student_id"":""5d980a49-8b66-5d0c-a153-7386ee9e0235"",""group_id"":""794cf4d5-9178-5aca-9d06-6a452c9afb15"",""source"":""balance"",""amount"":150}"
301;2026-10-07T15:05:00Z;LessonCharged;1;;"{""lesson"":{""rule_id"":""9450fe1b-c0fa-57ac-a4fc-dd690e8add8a"",""date"":""2026-10-07""},""student_id"":""44e3d344-11c6-517e-835f-c79dec381ec2"",""group_id"":""794cf4d5-9178-5aca-9d06-6a452c9afb15"",""source"":""balance"",""amount"":150}"
302;2026-10-07T17:00:00Z;LessonCancelled;1;6875fd06-5180-5ff5-9da4-567dc52fa1bb;"{""lesson"":{""rule_id"":""c146fe40-9e09-5afb-b7ed-6f051292fe49"",""date"":""2026-10-10""}}"
303;2026-10-08T14:05:00Z;AttendanceMarked;1;ee9ba8d1-1ca0-58e5-b6cf-24d8e3608fdf;"{""lesson"":{""rule_id"":""648baf23-c6e9-5498-a0b4-82f42a6113c3"",""date"":""2026-10-08""},""present"":[""27fc65f1-6050-5372-8d87-dd1b8c137e8c"",""0006cf50-7ad3-5598-aa00-250c7209dc34"",""ad739756-d4b6-57da-bf88-2d7e8024e33c"",""93a3706c-d9ad-5ab3-bdc7-61174d1c50bf"",""89cf4a6e-fd34-54d0-bfc5-d3c82266bae9"",""7d6bffcb-8d38-5f89-992f-564d26662c15""],""absent"":[]}"
304;2026-10-08T14:05:00Z;LessonCharged;1;;"{""lesson"":{""rule_id"":""648baf23-c6e9-5498-a0b4-82f42a6113c3"",""date"":""2026-10-08""},""student_id"":""27fc65f1-6050-5372-8d87-dd1b8c137e8c"",""group_id"":""5b494bb7-822c-57cb-8c65-070161a0f04b"",""source"":""balance"",""amount"":200}"
305;2026-10-08T14:05:00Z;LessonCharged;1;;"{""lesson"":{""rule_id"":""648baf23-c6e9-5498-a0b4-82f42a6113c3"",""date"":""2026-10-08""},""student_id"":""0006cf50-7ad3-5598-aa00-250c7209dc34"",""group_id"":""5b494bb7-822c-57cb-8c65-070161a0f04b"",""source"":""balance"",""amount"":200}"
306;2026-10-08T14:05:00Z;LessonCharged;1;;"{""lesson"":{""rule_id"":""648baf23-c6e9-5498-a0b4-82f42a6113c3"",""date"":""2026-10-08""},""student_id"":""ad739756-d4b6-57da-bf88-2d7e8024e33c"",""group_id"":""5b494bb7-822c-57cb-8c65-070161a0f04b"",""source"":""subscription"",""package_id"":""617cd0ca-dc22-5dc2-af92-1f1113d8eca5""}"
307;2026-10-08T14:05:00Z;LessonCharged;1;;"{""lesson"":{""rule_id"":""648baf23-c6e9-5498-a0b4-82f42a6113c3"",""date"":""2026-10-08""},""student_id"":""93a3706c-d9ad-5ab3-bdc7-61174d1c50bf"",""group_id"":""5b494bb7-822c-57cb-8c65-070161a0f04b"",""source"":""balance"",""amount"":200}"
308;2026-10-08T14:05:00Z;LessonCharged;1;;"{""lesson"":{""rule_id"":""648baf23-c6e9-5498-a0b4-82f42a6113c3"",""date"":""2026-10-08""},""student_id"":""89cf4a6e-fd34-54d0-bfc5-d3c82266bae9"",""group_id"":""5b494bb7-822c-57cb-8c65-070161a0f04b"",""source"":""subscription"",""package_id"":""c239251e-bf7c-5010-b665-26a0cbfc5a83""}"
309;2026-10-08T14:05:00Z;LessonCharged;1;;"{""lesson"":{""rule_id"":""648baf23-c6e9-5498-a0b4-82f42a6113c3"",""date"":""2026-10-08""},""student_id"":""7d6bffcb-8d38-5f89-992f-564d26662c15"",""group_id"":""5b494bb7-822c-57cb-8c65-070161a0f04b"",""source"":""balance"",""amount"":200}"
310;2026-10-08T18:00:00Z;GroupCreated;1;9a4ab382-7955-591d-9e60-dd4aa681c1a5;"{""group_id"":""40392964-9a38-5eaa-89b5-3c305ff58238"",""name"":""Нова група"",""lesson_price"":150,""teacher_ids"":[]}"
311;2026-10-10T10:05:00Z;AttendanceMarked;1;ee9ba8d1-1ca0-58e5-b6cf-24d8e3608fdf;"{""lesson"":{""one_off_id"":""2449dfee-43ce-5fde-853b-69f6b93e3e5b""},""present"":[""27fc65f1-6050-5372-8d87-dd1b8c137e8c"",""0006cf50-7ad3-5598-aa00-250c7209dc34"",""ad739756-d4b6-57da-bf88-2d7e8024e33c"",""93a3706c-d9ad-5ab3-bdc7-61174d1c50bf"",""89cf4a6e-fd34-54d0-bfc5-d3c82266bae9"",""7d6bffcb-8d38-5f89-992f-564d26662c15""],""absent"":[]}"
312;2026-10-10T10:05:00Z;LessonCharged;1;;"{""lesson"":{""one_off_id"":""2449dfee-43ce-5fde-853b-69f6b93e3e5b""},""student_id"":""27fc65f1-6050-5372-8d87-dd1b8c137e8c"",""group_id"":""5b494bb7-822c-57cb-8c65-070161a0f04b"",""source"":""balance"",""amount"":200}"
313;2026-10-10T10:05:00Z;LessonCharged;1;;"{""lesson"":{""one_off_id"":""2449dfee-43ce-5fde-853b-69f6b93e3e5b""},""student_id"":""0006cf50-7ad3-5598-aa00-250c7209dc34"",""group_id"":""5b494bb7-822c-57cb-8c65-070161a0f04b"",""source"":""balance"",""amount"":200}"
314;2026-10-10T10:05:00Z;LessonCharged;1;;"{""lesson"":{""one_off_id"":""2449dfee-43ce-5fde-853b-69f6b93e3e5b""},""student_id"":""ad739756-d4b6-57da-bf88-2d7e8024e33c"",""group_id"":""5b494bb7-822c-57cb-8c65-070161a0f04b"",""source"":""subscription"",""package_id"":""617cd0ca-dc22-5dc2-af92-1f1113d8eca5""}"
315;2026-10-10T10:05:00Z;LessonCharged;1;;"{""lesson"":{""one_off_id"":""2449dfee-43ce-5fde-853b-69f6b93e3e5b""},""student_id"":""93a3706c-d9ad-5ab3-bdc7-61174d1c50bf"",""group_id"":""5b494bb7-822c-57cb-8c65-070161a0f04b"",""source"":""balance"",""amount"":200}"
316;2026-10-10T10:05:00Z;LessonCharged;1;;"{""lesson"":{""one_off_id"":""2449dfee-43ce-5fde-853b-69f6b93e3e5b""},""student_id"":""89cf4a6e-fd34-54d0-bfc5-d3c82266bae9"",""group_id"":""5b494bb7-822c-57cb-8c65-070161a0f04b"",""source"":""subscription"",""package_id"":""c239251e-bf7c-5010-b665-26a0cbfc5a83""}"
317;2026-10-10T10:05:00Z;LessonCharged;1;;"{""lesson"":{""one_off_id"":""2449dfee-43ce-5fde-853b-69f6b93e3e5b""},""student_id"":""7d6bffcb-8d38-5f89-992f-564d26662c15"",""group_id"":""5b494bb7-822c-57cb-8c65-070161a0f04b"",""source"":""balance"",""amount"":200}"
318;2026-10-12T06:30:00Z;SubscriptionPurchased;1;9a4ab382-7955-591d-9e60-dd4aa681c1a5;"{""package_id"":""1afbc566-f1da-56a1-910b-540a9cafc5b6"",""student_id"":""1c31f32e-7590-5447-ac47-e79a6c581ac8"",""group_id"":""794cf4d5-9178-5aca-9d06-6a452c9afb15"",""lessons"":8,""amount"":1100}"
