Дата;День;Час;Група;Викладач;Тип;Стан;Присутні;Відсутні
01.09.2026;вт;16:00;Англійська, 1 клас;Ірина;регулярне;відбулося;6;0
02.09.2026;ср;17:00;Підготовка до школи;Олена Петрівна;регулярне;відбулося;8;0
03.09.2026;чт;16:00;Англійська, 1 клас;Ірина;регулярне;відбулося;6;0
05.09.2026;сб;10:00;Логіка;Олена Петрівна;регулярне;відбулося;6;0
07.09.2026;пн;17:00;Підготовка до школи;Олена Петрівна;регулярне;відбулося;7;1
08.09.2026;вт;16:00;Англійська, 1 клас;Ірина;регулярне;відбулося;5;1
09.09.2026;ср;17:00;Підготовка до школи;Олена Петрівна;регулярне;відбулося;7;1
10.09.2026;чт;16:00;Англійська, 1 клас;Ірина;регулярне;відбулося;6;0
12.09.2026;сб;10:00;Логіка;Олена Петрівна;регулярне;відбулося;6;0
14.09.2026;пн;17:00;Підготовка до школи;Олена Петрівна;регулярне;відбулося;7;1
15.09.2026;вт;16:00;Англійська, 1 клас;Ірина;регулярне;відбулося;6;0
16.09.2026;ср;17:00;Підготовка до школи;Олена Петрівна;регулярне;відбулося;8;0
17.09.2026;чт;16:00;Англійська, 1 клас;Ірина;регулярне;відбулося;5;1
19.09.2026;сб;10:00;Логіка;Олена Петрівна;регулярне;відбулося;5;1
21.09.2026;пн;17:00;Підготовка до школи;Олена Петрівна;регулярне;відбулося;7;1
22.09.2026;вт;16:00;Англійська, 1 клас;Ірина;регулярне;відбулося;6;0
23.09.2026;ср;17:00;Підготовка до школи;Олена Петрівна;регулярне;відбулося;8;0
24.09.2026;чт;16:00;Англійська, 1 клас;Ірина;регулярне;відбулося;6;0
26.09.2026;сб;10:00;Логіка;Олена Петрівна;регулярне;відбулося;6;0
28.09.2026;пн;17:00;Підготовка до школи;Олена Петрівна;регулярне;відбулося;8;0
29.09.2026;вт;16:00;Англійська, 1 клас;Ірина;регулярне;відбулося;6;0
30.09.2026;ср;17:00;Підготовка до школи;Олена Петрівна;регулярне;відбулося;7;1
01.10.2026;чт;16:00;Англійська, 1 клас;Ірина;регулярне;відбулося;5;1
03.10.2026;сб;10:00;Логіка;Олена Петрівна;регулярне;відбулося;6;0
06.10.2026;вт;16:00;Англійська, 1 клас;Ірина;регулярне;відбулося;6;0
06.10.2026;вт;17:00;Підготовка до школи;Олена Петрівна;регулярне;відбулося, перенесено з пн 05.10;8;0
07.10.2026;ср;17:00;Підготовка до школи;Олена Петрівна;регулярне;відбулося;7;1
08.10.2026;чт;16:00;Англійська, 1 клас;Ірина;регулярне;відбулося;6;0
10.10.2026;сб;10:00;Логіка;Олена Петрівна;регулярне;скасовано;;
10.10.2026;сб;12:00;Англійська, 1 клас;Ірина;разове;відбулося;6;0
