Дата;Учень;Тип;Група;Занять;Сума, грн;Стан;Автор запису
01.09.2026;Даринка;Абонемент;Підготовка до школи;8;1000;дійсна;Олена Петрівна
01.09.2026;Злата;Абонемент;Підготовка до школи;8;1000;дійсна;Олена Петрівна
01.09.2026;Єва;Разова оплата;;;1300;дійсна;Олена Петрівна
01.09.2026;Злата;Разова оплата;;;450;дійсна;Олена Петрівна
01.09.2026;Максим;Разова оплата;;;750;дійсна;Олена Петрівна
01.09.2026;Марко;Разова оплата;;;1800;дійсна;Олена Петрівна
01.09.2026;Назар;Разова оплата;;;240;дійсна;Олена Петрівна
01.09.2026;Олександра-Анастасія Коваленко-Шевчук;Разова оплата;;;1100;дійсна;Олена Петрівна
01.09.2026;Остап;Разова оплата;;;300;дійсна;Олена Петрівна
01.09.2026;Поліна;Разова оплата;;;300;дійсна;Олена Петрівна
01.09.2026;Софійка;Разова оплата;;;1200;дійсна;Олена Петрівна
01.09.2026;Тимофій;Разова оплата;;;600;дійсна;Олена Петрівна
01.09.2026;Устина;Разова оплата;;;670;дійсна;Олена Петрівна
01.09.2026;Ярема;Разова оплата;;;800;дійсна;Олена Петрівна
01.09.2026;Ярема;Абонемент;Англійська, 1 клас;8;1400;дійсна;Ірина
01.09.2026;Мирослава;Абонемент;Англійська, 1 клас;8;1400;дійсна;Ірина
01.09.2026;Богдан;Абонемент;Англійська, 1 клас;8;1400;дійсна;Ірина
15.09.2026;Остап;Абонемент;Підготовка до школи;8;1000;дійсна;Андрій
16.09.2026;Тимофій;Абонемент;Підготовка до школи;8;1000;дійсна;Олена Петрівна
24.09.2026;Мирослава;Абонемент;Англійська, 1 клас;8;1400;дійсна;Олена Петрівна
25.09.2026;Богдан;Абонемент;Англійська, 1 клас;8;1400;дійсна;Олена Петрівна
28.09.2026;Єва;Разова оплата;;;1300;дійсна;Олена Петрівна
28.09.2026;Злата;Разова оплата;;;450;дійсна;Андрій
28.09.2026;Максим;Разова оплата;;;750;дійсна;Андрій
28.09.2026;Марко;Разова оплата;;;1800;дійсна;Олена Петрівна
28.09.2026;Назар;Разова оплата;;;240;дійсна;Олена Петрівна
28.09.2026;Олександра-Анастасія Коваленко-Шевчук;Разова оплата;;;1100;дійсна;Олена Петрівна
28.09.2026;Остап;Разова оплата;;;300;дійсна;Олена Петрівна
28.09.2026;Поліна;Разова оплата;;;300;дійсна;Олена Петрівна
28.09.2026;Софійка;Разова оплата;;;1200;дійсна;Олена Петрівна
28.09.2026;Тимофій;Разова оплата;;;600;дійсна;Олена Петрівна
28.09.2026;Устина;Разова оплата;;;680;дійсна;Олена Петрівна
28.09.2026;Ярема;Разова оплата;;;800;дійсна;Олена Петрівна
30.09.2026;Марко;Абонемент;Підготовка до школи;8;1000;дійсна;Олена Петрівна
02.10.2026;Максим;Разова оплата;;;500;скасована;Андрій
12.10.2026;Остап;Абонемент;Підготовка до школи;8;1100;дійсна;Андрій
