Учень;Групи;Контакт батька;Бот підключено;Баланс, грн;Абонемент (залишилось занять)
Марко;Підготовка до школи · Англійська, 1 клас;@mama_marka;так;0;Підготовка до школи: 5 з 8
Софійка;Підготовка до школи · Логіка;@sofiiky_mama;так;300;
Даринка;Підготовка до школи;@taras_d;так;-300;
Тимофій;Підготовка до школи · Логіка;+380 00 000 00 01;ні;150;Підготовка до школи: 1 з 8
Остап;Підготовка до школи;@ostapova_mama;так;0;Підготовка до школи: 9 (1 з 8 + 8 з 8)
Злата;Підготовка до школи · Логіка;@zlata_parent;так;0;
Максим;Підготовка до школи;@maks_tato;так;0;
Устина;Підготовка до школи;@ustyna_mama;ні;-150;
Ярема;Англійська, 1 клас · Логіка;@yarema_mama;так;0;
Мирослава;Англійська, 1 клас;@myroslava_m;так;0;Англійська, 1 клас: 4 з 8
Олександра-Анастасія Коваленко-Шевчук;Англійська, 1 клас;+380 00 000 00 02;ні;-400;
Богдан;Англійська, 1 клас;@bohdan_tato;так;0;Англійська, 1 клас: 4 з 8
Єва;Англійська, 1 клас;@eva_mama;так;0;
Назар;Логіка;@nazar_parent;так;0;
Поліна;Логіка;+380 00 000 00 03;ні;0;
